y_true,y_pred,confidence,p_average,p_flop,p_hit,p_true_baseline,p_true_credits,id,title,original_title
hit,flop,0.49049983651742307,0.30449180588669417,0.49049983651742307,0.20500835759588287,0.25342394080029423,0.20500835759588287,45612,Source Code,Source Code
hit,average,0.5024876916326695,0.5024876916326695,0.3371835387455682,0.16032876962176226,0.28845421866823057,0.16032876962176226,1574,Chicago,Chicago
hit,hit,0.8702266007728086,0.12071695650376597,0.009056442723425547,0.8702266007728086,0.47449263460877333,0.8702266007728086,272,Batman Begins,Batman Begins
flop,average,0.3742551182875099,0.3742551182875099,0.31636232830784977,0.3093825534046403,0.27368249869895667,0.31636232830784977,11619,Flushed Away,Flushed Away
flop,hit,0.6835925523217192,0.20488789859470166,0.11151954908357908,0.6835925523217192,0.23047245982919937,0.11151954908357908,11015,The Relic,The Relic
hit,hit,0.35281872413139265,0.33845493955115485,0.3087263363174525,0.35281872413139265,0.4418453369694313,0.35281872413139265,2898,As Good as It Gets,As Good as It Gets
flop,flop,0.8178703442833928,0.12091280472380571,0.8178703442833928,0.06121685099280159,0.5417227911512097,0.8178703442833928,230266,Miss Julie,Miss Julie
flop,average,0.5178688654949025,0.5178688654949025,0.2949236663090555,0.1872074681960421,0.4549680490430721,0.2949236663090555,11661,Joyeux Noël,Joyeux Noël
average,flop,0.6215807996012721,0.20790150125163545,0.6215807996012721,0.1705176991470925,0.23768770322251717,0.20790150125163545,10647,Pay It Forward,Pay It Forward
hit,hit,0.3929453963832705,0.28732943312757786,0.3197251704891516,0.3929453963832705,0.35095618522392724,0.3929453963832705,16996,17 Again,17 Again
hit,hit,0.5129836905745997,0.306957874641,0.18005843478440028,0.5129836905745997,0.24655815774405754,0.5129836905745997,658,Goldfinger,Goldfinger
hit,average,0.5060577580605734,0.5060577580605734,0.18790552790015252,0.3060367140392741,0.32007318233275095,0.3060367140392741,52520,Underworld: Awakening,Underworld: Awakening
hit,hit,0.46595858871703333,0.3562648567206188,0.17777655456234795,0.46595858871703333,0.31244734167802996,0.46595858871703333,168259,Furious 7,Furious 7
hit,hit,0.42016547811381094,0.1745420596938377,0.4052924621923514,0.42016547811381094,0.3829611184194608,0.42016547811381094,55123,Tumbleweeds,Tumbleweeds
hit,flop,0.48115718751007813,0.19315983473751633,0.48115718751007813,0.32568297775240546,0.4222972479725644,0.32568297775240546,286565,Paper Towns,Paper Towns
hit,average,0.4512478057666679,0.4512478057666679,0.3639235589684241,0.184828635264908,0.36727630494016084,0.184828635264908,153518,The Angry Birds Movie,The Angry Birds Movie
flop,flop,0.42294503260992666,0.3681930448268036,0.42294503260992666,0.2088619225632697,0.4018101808432734,0.42294503260992666,137094,Jack Ryan: Shadow Recruit,Jack Ryan: Shadow Recruit
hit,flop,0.41310780554061394,0.27016627921177133,0.41310780554061394,0.3167259152476149,0.38782696844580994,0.3167259152476149,264999,Magic Mike XXL,Magic Mike XXL
flop,hit,0.5524820548820594,0.36847329720364946,0.0790446479142912,0.5524820548820594,0.36290751417105976,0.0790446479142912,522,Ed Wood,Ed Wood
flop,flop,0.4742193383678995,0.33128408942681997,0.4742193383678995,0.19449657220528058,0.3482698765696666,0.4742193383678995,1909,Don Juan DeMarco,Don Juan DeMarco
hit,hit,0.8844869015253601,0.06182363924489461,0.053689459229745315,0.8844869015253601,0.6439100204121465,0.8844869015253601,1547,The Lost Boys,The Lost Boys
hit,hit,0.4097993074090558,0.262062685342802,0.3281380072481422,0.4097993074090558,0.5524935021271932,0.4097993074090558,24021,The Twilight Saga: Eclipse,The Twilight Saga: Eclipse
hit,flop,0.42309193399293865,0.19091232919885012,0.42309193399293865,0.3859957368082113,0.3236170216907303,0.3859957368082113,11873,The Color of Money,The Color of Money
flop,average,0.44183115592475397,0.44183115592475397,0.43117484729850925,0.1269939967767368,0.2774245612553236,0.43117484729850925,8870,Red Planet,Red Planet
hit,hit,0.6806452379916935,0.059308381903935684,0.26004638010437076,0.6806452379916935,0.2665649912366386,0.6806452379916935,18712,Sands of Iwo Jima,Sands of Iwo Jima
flop,flop,0.5125405710377712,0.24875184477567452,0.5125405710377712,0.23870758418655424,0.461978230143582,0.5125405710377712,7512,Idiocracy,Idiocracy
flop,flop,0.564394881868055,0.291577475138138,0.564394881868055,0.14402764299380705,0.34830885737446654,0.564394881868055,38541,The Divide,The Divide
flop,flop,0.3642162286634828,0.33287883892328807,0.3642162286634828,0.30290493241322913,0.2775486533255862,0.3642162286634828,228967,The Interview,The Interview
hit,flop,0.5507780115954223,0.34178824806012736,0.5507780115954223,0.10743374034445048,0.1702072754281119,0.10743374034445048,9470,Kung Fu Hustle,功夫
hit,average,0.5783358179945216,0.5783358179945216,0.07442338477614843,0.34724079722933,0.4440929435691274,0.34724079722933,87502,Flight,Flight
flop,flop,0.5447520436743055,0.2848373963816822,0.5447520436743055,0.17041055994401222,0.32917053796251566,0.5447520436743055,13996,Bottle Shock,Bottle Shock
hit,flop,0.5267586362947705,0.32935559991357266,0.5267586362947705,0.14388576379165677,0.33686013072267373,0.14388576379165677,8780,Baby Mama,Baby Mama
hit,hit,0.4213456804356677,0.3783478611060924,0.20030645845823986,0.4213456804356677,0.3670729679353706,0.4213456804356677,868,Tsotsi,Tsotsi
flop,flop,0.49110041584226893,0.3605485917700721,0.49110041584226893,0.14835099238765895,0.28609542149711265,0.49110041584226893,192136,Mandela: Long Walk to Freedom,Mandela: Long Walk to Freedom
hit,hit,0.5290553686984752,0.3078082904485871,0.1631363408529377,0.5290553686984752,0.29857587621839954,0.5290553686984752,132344,Before Midnight,Before Midnight
flop,flop,0.5765199434743872,0.3102637011716903,0.5765199434743872,0.11321635535392265,0.40326582282877027,0.5765199434743872,34341,Men with Brooms,Men with Brooms
hit,average,0.38131125513322894,0.38131125513322894,0.27028654407957176,0.34840220078719925,0.5182114105700614,0.34840220078719925,121,The Lord of the Rings: The Two Towers,The Lord of the Rings: The Two Towers
hit,hit,0.48172098952946285,0.3943921803018891,0.12388683016864797,0.48172098952946285,0.3163028774737404,0.48172098952946285,1824,50 First Dates,50 First Dates
hit,hit,0.47141141462708064,0.133429198590004,0.3951593867829154,0.47141141462708064,0.2942033699567111,0.47141141462708064,9372,Super Size Me,Super Size Me
hit,flop,0.46233958624286703,0.3292613784135437,0.46233958624286703,0.20839903534358922,0.33333352516499637,0.20839903534358922,1259,Notes on a Scandal,Notes on a Scandal
flop,flop,0.36320317099070065,0.34393700970523566,0.36320317099070065,0.29285981930406363,0.46063169658245634,0.36320317099070065,34584,The NeverEnding Story,The Neverending Story
flop,average,0.497745448636427,0.497745448636427,0.30930002142676893,0.19295452993680393,0.21613413359455938,0.30930002142676893,9932,Analyze That,Analyze That
flop,flop,0.5621155288079048,0.35974814844285397,0.5621155288079048,0.07813632274924118,0.5339689793498038,0.5621155288079048,9616,The Order,The Order
hit,flop,0.6549539212891854,0.24167250701756626,0.6549539212891854,0.10337357169324837,0.3287306224142927,0.10337357169324837,11395,The Santa Clause,The Santa Clause
hit,flop,0.6054704173005201,0.3203861295496976,0.6054704173005201,0.07414345314978234,0.2508585629545648,0.07414345314978234,9383,Hollow Man,Hollow Man
average,average,0.42844810063774225,0.42844810063774225,0.3354143496919931,0.23613754967026473,0.41920468155330987,0.42844810063774225,70868,I Don't Know How She Does It,I Don't Know How She Does It
flop,flop,0.42455901478642133,0.165541897536549,0.42455901478642133,0.40989908767702976,0.16392810976648,0.42455901478642133,75531,Isn't She Great,Isn't She Great
flop,flop,0.5928289265804103,0.19801350426252837,0.5928289265804103,0.20915756915706132,0.499151802661351,0.5928289265804103,50875,Higher Ground,Higher Ground
hit,hit,0.44852018408816224,0.42828435172845253,0.12319546418338533,0.44852018408816224,0.4777385830045977,0.44852018408816224,9637,Scooby-Doo,Scooby-Doo
flop,hit,0.3831173451831415,0.30342259593446697,0.3134600588823915,0.3831173451831415,0.39156896579334177,0.3134600588823915,19255,Away We Go,Away We Go
flop,flop,0.5842033851050843,0.2297424137841744,0.5842033851050843,0.18605420111074122,0.3701917661152408,0.5842033851050843,188207,The Legend of Hercules,The Legend of Hercules
hit,flop,0.5253804964612997,0.31817559398991446,0.5253804964612997,0.15644390954878576,0.12302080229300141,0.15644390954878576,44865,The Grandmaster,一代宗師
hit,average,0.5018889087979842,0.5018889087979842,0.04648678253891975,0.45162430866309616,0.3619285059071021,0.45162430866309616,435,The Day After Tomorrow,The Day After Tomorrow
average,flop,0.38209376397272227,0.35038561024830456,0.38209376397272227,0.2675206257789732,0.24000408479904178,0.35038561024830456,7445,Brothers,Brothers
flop,average,0.4951126133964808,0.4951126133964808,0.3367971814175352,0.16809020518598392,0.17152189495940395,0.3367971814175352,49852,The Nutcracker: The Untold Story,The Nutcracker: The Untold Story
hit,hit,0.41337257001774835,0.22778987137691728,0.35883755860533445,0.41337257001774835,0.3596736603494405,0.41337257001774835,2001,We Own the Night,We Own the Night
average,hit,0.8036179354375033,0.1056035239942478,0.0907785405682489,0.8036179354375033,0.14279607968526045,0.1056035239942478,1091,The Thing,The Thing
hit,average,0.4933813363073186,0.4933813363073186,0.18008870405846655,0.3265299596342148,0.42562790954182644,0.3265299596342148,9291,The Longest Yard,The Longest Yard
flop,average,0.7828621831331691,0.7828621831331691,0.07495596875647595,0.14218184811035495,0.32751483735754816,0.07495596875647595,10534,White Squall,White Squall
flop,flop,0.3863705783972114,0.3806566711943872,0.3863705783972114,0.23297275040840143,0.3466368958039871,0.3863705783972114,25704,Post Grad,Post Grad
average,flop,0.44406066724815163,0.3444537271814215,0.44406066724815163,0.21148560557042695,0.42613956453377855,0.3444537271814215,11431,Fever Pitch,Fever Pitch
hit,flop,0.44232450863132666,0.15580296110971056,0.44232450863132666,0.40187253025896275,0.6188885524620217,0.40187253025896275,31175,Soul Kitchen,Soul Kitchen
hit,hit,0.5431497903480296,0.18909609410702963,0.26775411554494083,0.5431497903480296,0.5362795287724372,0.5431497903480296,1777,Fahrenheit 9/11,Fahrenheit 9/11
hit,hit,0.6121928067579353,0.1344391166989852,0.2533680765430794,0.6121928067579353,0.22923090997034234,0.6121928067579353,3080,Top Hat,Top Hat
hit,flop,0.5672094941595975,0.1032368285389141,0.5672094941595975,0.32955367730148843,0.08343277927905857,0.32955367730148843,11426,From Here to Eternity,From Here to Eternity
hit,hit,0.7598599595579649,0.19741245015148712,0.04272759029054809,0.7598599595579649,0.4338923022362451,0.7598599595579649,227306,Unbroken,Unbroken
hit,flop,0.4182219555685363,0.2821050580551329,0.4182219555685363,0.2996729863763308,0.3029265217064866,0.2996729863763308,9895,Man of the Year,Man of the Year
hit,hit,0.40539094247626356,0.3189086724100296,0.2757003851137068,0.40539094247626356,0.515742234456558,0.40539094247626356,1562,28 Weeks Later,28 Weeks Later
flop,flop,0.4366533670670022,0.2968321786192029,0.4366533670670022,0.2665144543137949,0.352864446634475,0.4366533670670022,9009,Dark Water,Dark Water
average,flop,0.6698762684550057,0.20154048015123602,0.6698762684550057,0.12858325139375829,0.2894682098988153,0.20154048015123602,13435,Antwone Fisher,Antwone Fisher
hit,average,0.39441344391013294,0.39441344391013294,0.33065418504505495,0.2749323710448121,0.3772109707788932,0.2749323710448121,38167,Eat Pray Love,Eat Pray Love
hit,flop,0.4404446331508868,0.3644506745580062,0.4404446331508868,0.1951046922911071,0.3534721779733537,0.1951046922911071,10377,My Cousin Vinny,My Cousin Vinny
flop,flop,0.7829184543090337,0.16157985329061175,0.7829184543090337,0.05550169240035447,0.49303601517208406,0.7829184543090337,168705,BloodRayne,BloodRayne
flop,flop,0.43423812291569475,0.3959347847465758,0.43423812291569475,0.16982709233772952,0.4359914330370013,0.43423812291569475,11702,The Replacement Killers,The Replacement Killers
hit,hit,0.6513213194309401,0.1509347363503151,0.19774394421874483,0.6513213194309401,0.4998882168388614,0.6513213194309401,9003,Hellraiser,Hellraiser
hit,average,0.4045786802592285,0.4045786802592285,0.298145156193786,0.29727616354698555,0.31767335908479255,0.29727616354698555,792,Platoon,Platoon
flop,average,0.4382620076547424,0.4382620076547424,0.39366266895569313,0.16807532338956446,0.40620825715546544,0.39366266895569313,36691,Solitary Man,Solitary Man
hit,flop,0.40754058729288867,0.23940533678369888,0.40754058729288867,0.35305407592341254,0.39778534505888147,0.35305407592341254,5123,August Rush,August Rush
hit,average,0.49025225156700986,0.49025225156700986,0.3737982227476692,0.13594952568532095,0.2021853617530729,0.13594952568532095,9334,The Scorpion King,The Scorpion King
flop,flop,0.44688924906978694,0.3673822920968214,0.44688924906978694,0.18572845883339165,0.35398580536124125,0.44688924906978694,13092,How to Lose Friends & Alienate People,How to Lose Friends & Alienate People
flop,hit,0.6053432242968932,0.29007083718308097,0.10458593852002576,0.6053432242968932,0.20476752091892106,0.10458593852002576,10012,Cursed,Cursed
hit,hit,0.91341551028461,0.022039030949084607,0.06454545876630553,0.91341551028461,0.28609353350806077,0.91341551028461,389,12 Angry Men,12 Angry Men
hit,hit,0.5983399870334682,0.31846002215632274,0.08319999081020896,0.5983399870334682,0.4866872809725755,0.5983399870334682,12,Finding Nemo,Finding Nemo
hit,average,0.4895374442043103,0.4895374442043103,0.09269118849357354,0.4177713673021162,0.3942006439601931,0.4177713673021162,4147,Road to Perdition,Road to Perdition
hit,hit,0.4094818379394316,0.3183852891036832,0.27213287295688515,0.4094818379394316,0.49980294606533165,0.4094818379394316,58595,Snow White and the Huntsman,Snow White and the Huntsman
average,flop,0.7556403131697104,0.13871630659166836,0.7556403131697104,0.10564338023862126,0.23662340807362567,0.13871630659166836,13001,Stargate: The Ark of Truth,Stargate: The Ark of Truth
average,hit,0.47496710286978977,0.24007407590963048,0.2849588212205797,0.47496710286978977,0.23229801012432807,0.24007407590963048,2009,"4 Months, 3 Weeks and 2 Days","4 luni, 3 săptămîni și 2 zile"
flop,flop,0.459129276602168,0.3752554881715856,0.459129276602168,0.16561523522624633,0.35495258264335794,0.459129276602168,5852,Angel Eyes,Angel Eyes
average,flop,0.5894412157474437,0.2517812259795714,0.5894412157474437,0.15877755827298495,0.2499147971948184,0.2517812259795714,13960,ATL,ATL
flop,flop,0.3503378115112937,0.3394312064008639,0.3503378115112937,0.31023098208784244,0.43504835871785363,0.3503378115112937,8814,Doom,Doom
hit,hit,0.890940551480123,0.07142575113181031,0.03763369738806671,0.890940551480123,0.7707588416491711,0.890940551480123,609,Poltergeist,Poltergeist
flop,average,0.43898368657659165,0.43898368657659165,0.3191035360887094,0.24191277733469907,0.2675236299464711,0.3191035360887094,12177,The Love Guru,The Love Guru
hit,hit,0.7147521169838402,0.073377244076755,0.21187063893940478,0.7147521169838402,0.2857082529609849,0.7147521169838402,43306,A Guy Named Joe,A Guy Named Joe
flop,flop,0.4842778934287152,0.20904114264328277,0.4842778934287152,0.3066809639280019,0.558171154180425,0.4842778934287152,29146,Charly,Charly
flop,flop,0.5593400650090151,0.26412123873811205,0.5593400650090151,0.17653869625287288,0.4376825594297446,0.5593400650090151,9095,Mary Reilly,Mary Reilly
hit,hit,0.6275354646186848,0.21750624500648455,0.15495829037483072,0.6275354646186848,0.5681337331170888,0.6275354646186848,44040,Devil,Devil
hit,flop,0.420298109319247,0.3216413567315596,0.420298109319247,0.2580605339491935,0.4086856890157949,0.2580605339491935,10557,East Is East,East Is East
average,average,0.38083187287500925,0.38083187287500925,0.3433109121605714,0.2758572149644194,0.38622241258842593,0.38083187287500925,14578,Outside Providence,Outside Providence
average,average,0.42905332558016873,0.42905332558016873,0.3930436634336774,0.17790301098615394,0.39324743780843735,0.42905332558016873,46261,Don't Be Afraid of the Dark,Don't Be Afraid of the Dark
hit,flop,0.5934088057288998,0.312778708996879,0.5934088057288998,0.09381248527422119,0.23294108489621354,0.09381248527422119,48340,Sanctum,Sanctum
flop,flop,0.49000241973626407,0.33092814140390164,0.49000241973626407,0.17906943885983434,0.39571061867983803,0.49000241973626407,9701,North Country,North Country
average,average,0.6829456372545424,0.6829456372545424,0.21004237359046685,0.10701198915499079,0.4441973524531656,0.6829456372545424,9509,Man on Fire,Man on Fire
hit,hit,0.4290023105305057,0.16322862488805187,0.4077690645814425,0.4290023105305057,0.40276460861799845,0.4290023105305057,84332,Safety Not Guaranteed,Safety Not Guaranteed
hit,hit,0.4489754021165253,0.21123017706374733,0.33979442081972727,0.4489754021165253,0.27361423272564006,0.4489754021165253,205596,The Imitation Game,The Imitation Game
hit,flop,0.4667760263094481,0.1684161919119684,0.4667760263094481,0.3648077817785835,0.19049745128428747,0.3648077817785835,9367,El Mariachi,El Mariachi
flop,average,0.4904785422695457,0.4904785422695457,0.11878851164064198,0.39073294608981235,0.23676332729422048,0.11878851164064198,3093,Basic Instinct 2,Basic Instinct 2
hit,flop,0.5346000834988935,0.3281047745732038,0.5346000834988935,0.13729514192790268,0.2688320299403305,0.13729514192790268,13051,Max Payne,Max Payne
hit,flop,0.42066907899293654,0.40790173559677867,0.42066907899293654,0.17142918541028473,0.26444959153728853,0.17142918541028473,43959,Soul Surfer,Soul Surfer
average,hit,0.39381805734159503,0.3815530439259741,0.22462889873243083,0.39381805734159503,0.4426047339345022,0.3815530439259741,258489,The Legend of Tarzan,The Legend of Tarzan
hit,hit,0.8359812931888553,0.10839669559516829,0.05562201121597645,0.8359812931888553,0.6266874275688719,0.8359812931888553,10281,Friday the 13th Part VII: The New Blood,Friday the 13th Part VII: The New Blood
hit,hit,0.7674709367569275,0.16282136746407178,0.0697076957790008,0.7674709367569275,0.29075982499144115,0.7674709367569275,270487,"Hail, Caesar!","Hail, Caesar!"
hit,hit,0.7201792180185268,0.20398760566567492,0.07583317631579826,0.7201792180185268,0.24165531102191803,0.7201792180185268,395,AVP: Alien vs. Predator,AVP: Alien vs. Predator
flop,average,0.5309543265563689,0.5309543265563689,0.2392466271977867,0.2297990462458444,0.1681014768574443,0.2392466271977867,1850,Man on the Moon,Man on the Moon
hit,hit,0.7692358732046111,0.21905847367791173,0.011705653117477233,0.7692358732046111,0.32449249186802115,0.7692358732046111,206647,Spectre,Spectre
hit,flop,0.6353884053260339,0.18870093635059645,0.6353884053260339,0.1759106583233696,0.29634488551236166,0.1759106583233696,1088,Whale Rider,Whale Rider
average,average,0.5125007980120094,0.5125007980120094,0.22663763323542951,0.260861568752561,0.47397035946805505,0.5125007980120094,13183,Watchmen,Watchmen
hit,hit,0.8103599399141886,0.0751386200762003,0.11450144000961109,0.8103599399141886,0.3993654225010507,0.8103599399141886,82695,Les Misérables,Les Misérables
hit,average,0.5521824723851015,0.5521824723851015,0.14943987216483406,0.2983776554500644,0.3124989911562728,0.2983776554500644,9021,The Santa Clause 2,The Santa Clause 2
average,average,0.4982776195419376,0.4982776195419376,0.1968497811075188,0.3048725993505437,0.4207002484673989,0.4982776195419376,10590,We Were Soldiers,We Were Soldiers
hit,hit,0.7503301234942196,0.19715094758777751,0.05251892891800289,0.7503301234942196,0.6219521037679514,0.7503301234942196,238636,The Purge: Anarchy,The Purge: Anarchy
flop,flop,0.44428547856857786,0.43865883241150605,0.44428547856857786,0.11705568901991617,0.3122344216132843,0.44428547856857786,5491,Battlefield Earth,Battlefield Earth
average,hit,0.4622131286387798,0.3888362238054062,0.14895064755581391,0.4622131286387798,0.37423242258022127,0.3888362238054062,117251,White House Down,White House Down
hit,average,0.3518347206064415,0.3518347206064415,0.30996666242811405,0.33819861696544445,0.3306601374764414,0.33819861696544445,11023,Thirteen,Thirteen
hit,hit,0.8293188819350572,0.1282142562647204,0.042466861800222355,0.8293188819350572,0.6067703111952847,0.8293188819350572,329,Jurassic Park,Jurassic Park
hit,average,0.34803510405561383,0.34803510405561383,0.3141723499821546,0.3377925459622316,0.3978066327394616,0.3377925459622316,10663,The Waterboy,The Waterboy
average,average,0.5017680452382723,0.5017680452382723,0.4062457619258407,0.09198619283588702,0.5369902427278186,0.5017680452382723,9023,Spirit: Stallion of the Cimarron,Spirit: Stallion of the Cimarron
average,flop,0.4845686598930019,0.3742397647976854,0.4845686598930019,0.1411915753093127,0.42826443703755934,0.3742397647976854,228326,The Book of Life,The Book of Life
hit,flop,0.4531375275766568,0.24722748040852036,0.4531375275766568,0.2996349920148229,0.2762044840485821,0.2996349920148229,8913,Pet Sematary,Pet Sematary
average,flop,0.4059415098285291,0.23149411826014826,0.4059415098285291,0.36256437191132257,0.2512807986575088,0.23149411826014826,746,The Last Emperor,The Last Emperor
hit,flop,0.41671473376367796,0.2589095826143111,0.41671473376367796,0.32437568362201086,0.25100000786877136,0.32437568362201086,7191,Cloverfield,Cloverfield
average,average,0.36309362723167204,0.36309362723167204,0.3208321013293428,0.3160742714389851,0.22598039038743858,0.36309362723167204,12403,A Perfect Getaway,A Perfect Getaway
flop,average,0.41080133133160934,0.41080133133160934,0.3275419340296624,0.2616567346387282,0.215665165115302,0.3275419340296624,11086,The Majestic,The Majestic
average,hit,0.47566969301782464,0.3222375180246536,0.20209278895752184,0.47566969301782464,0.33476319818529526,0.3222375180246536,300671,13 Hours: The Secret Soldiers of Benghazi,13 Hours: The Secret Soldiers of Benghazi
flop,flop,0.5345491692063323,0.24739319118875416,0.5345491692063323,0.21805763960491342,0.42655483042992287,0.5345491692063323,39800,Life During Wartime,Life During Wartime
hit,average,0.45923599221496003,0.45923599221496003,0.2677819700206458,0.2729820377643942,0.18496034898431743,0.2729820377643942,1497,Teenage Mutant Ninja Turtles II: The Secret of the Ooze,Teenage Mutant Ninja Turtles II: The Secret of the Ooze
average,average,0.4629257613083974,0.4629257613083974,0.2472480436576894,0.2898261950339132,0.4228537270554387,0.4629257613083974,503,Poseidon,Poseidon
hit,flop,0.6235939283392025,0.24207534195462777,0.6235939283392025,0.13433072970616977,0.24003476730361656,0.13433072970616977,75674,Act of Valor,Act of Valor
hit,flop,0.43890396694525535,0.30959607215961993,0.43890396694525535,0.2514999608951247,0.20341465830494548,0.2514999608951247,8681,Taken,Taken
flop,flop,0.5719687361462585,0.30670280264841066,0.5719687361462585,0.1213284612053307,0.4142294560097987,0.5719687361462585,13827,"Surfer, Dude","Surfer, Dude"
hit,hit,0.7880585326379153,0.04604068344582773,0.165900783916257,0.7880585326379153,0.45990986571951953,0.7880585326379153,756,Fantasia,Fantasia
hit,hit,0.4311766763066208,0.35139146988923115,0.217431853804148,0.4311766763066208,0.29202705713903976,0.4311766763066208,11870,Big Fat Liar,Big Fat Liar
hit,hit,0.5069795071645293,0.3179488335815105,0.17507165925396026,0.5069795071645293,0.4108157327848075,0.5069795071645293,788,Mrs. Doubtfire,Mrs. Doubtfire
flop,flop,0.6650259586227341,0.18983523058358148,0.6650259586227341,0.14513881079368451,0.5086507704064525,0.6650259586227341,3033,Gods and Monsters,Gods and Monsters
hit,average,0.3753568968336846,0.3753568968336846,0.29940208806934077,0.32524101509697456,0.3125724839378725,0.32524101509697456,744,Top Gun,Top Gun
average,flop,0.4712865202284802,0.32923808953149913,0.4712865202284802,0.19947539024002053,0.3416350554179343,0.32923808953149913,23049,My Life in Ruins,My Life in Ruins
hit,hit,0.37028939554309664,0.36926407537932143,0.2604465290775818,0.37028939554309664,0.5117371256351689,0.37028939554309664,8920,Garfield,Garfield
flop,hit,0.5479301180250374,0.247951999215566,0.2041178827593966,0.5479301180250374,0.33883493914619645,0.2041178827593966,3509,A Scanner Darkly,A Scanner Darkly
average,flop,0.6506422488065549,0.2806332883157447,0.6506422488065549,0.06872446287770045,0.4875477494079187,0.2806332883157447,300168,Dragon Blade,天將雄師
hit,flop,0.5945734380287165,0.2986722081923857,0.5945734380287165,0.10675435377889791,0.20144803298202965,0.10675435377889791,16690,Return to Never Land,Return to Never Land
average,flop,0.4324523160905378,0.31318700433413205,0.4324523160905378,0.2543606795753302,0.32866076320689663,0.31318700433413205,38357,Morning Glory,Morning Glory
hit,flop,0.383836160458382,0.2729038686785541,0.383836160458382,0.34325997086306387,0.2657134835743089,0.34325997086306387,50035,Lovely & Amazing,Lovely & Amazing
flop,flop,0.437943126532019,0.3389776636691049,0.437943126532019,0.22307920979887622,0.4325834213930596,0.437943126532019,59678,Attack the Block,Attack the Block
average,flop,0.4411839298569868,0.26878450015768507,0.4411839298569868,0.2900315699853281,0.2687991031984075,0.26878450015768507,119283,Parker,Parker
hit,hit,0.43234515549785135,0.31584821372568406,0.25180663077646465,0.43234515549785135,0.32882996106190504,0.43234515549785135,274,The Silence of the Lambs,The Silence of the Lambs
hit,average,0.493220366501077,0.493220366501077,0.28221563297290103,0.22456400052602202,0.3461586893286315,0.22456400052602202,251,Ghost,Ghost
hit,average,0.3456950331073779,0.3456950331073779,0.30872454590013904,0.345580420992483,0.39398559870097355,0.345580420992483,496,Borat: Cultural Learnings of America for Make Benefit Glorious Nation of Kazakhstan,Borat: Cultural Learnings of America for Make Benefit Glorious Nation of Kazakhstan
average,flop,0.5641645650042042,0.19238628677025768,0.5641645650042042,0.24344914822553806,0.21762507246122037,0.19238628677025768,239571,The Best of Me,The Best of Me
hit,hit,0.7149039316351086,0.12473872045606209,0.16035734790882925,0.7149039316351086,0.5697264293408463,0.7149039316351086,9731,Friday the 13th: A New Beginning,Friday the 13th: A New Beginning
hit,hit,0.7005666867553682,0.16060055973332898,0.13883275351130286,0.7005666867553682,0.5606151990274413,0.7005666867553682,41436,Paranormal Activity 2,Paranormal Activity 2
hit,hit,0.41150009357555956,0.27444418767475826,0.3140557187496822,0.41150009357555956,0.3623661576671551,0.41150009357555956,175574,Free Birds,Free Birds
flop,flop,0.6497460308722434,0.27074439311483917,0.6497460308722434,0.07950957601291761,0.370387888891328,0.6497460308722434,10185,The Midnight Meat Train,The Midnight Meat Train
hit,hit,0.5902704122527368,0.1387538559440739,0.2709757318031893,0.5902704122527368,0.35461603039419654,0.5902704122527368,58882,Snow Flower and the Secret Fan,Snow Flower and the Secret Fan
flop,flop,0.5310799163735357,0.3716882610766096,0.5310799163735357,0.09723182254985464,0.4302227774158122,0.5310799163735357,5393,Happily N'Ever After,Happily N'Ever After
hit,hit,0.5785850088200236,0.3117366706675989,0.10967832051237739,0.5785850088200236,0.5157723324453628,0.5785850088200236,7443,Chicken Run,Chicken Run
flop,flop,0.44959231436070485,0.33224186821103074,0.44959231436070485,0.2181658174282645,0.31901871300268836,0.44959231436070485,59860,Monte Carlo,Monte Carlo
flop,flop,0.49786304944540927,0.14091221452930136,0.49786304944540927,0.3612247360252894,0.31414088286941744,0.49786304944540927,91070,L!fe Happens,L!fe Happens
hit,hit,0.5279754407619629,0.3444379893308555,0.12758656990718167,0.5279754407619629,0.39660873313954614,0.5279754407619629,1587,What's Eating Gilbert Grape,What's Eating Gilbert Grape
hit,hit,0.4758758716169485,0.19120774044298672,0.3329163879400649,0.4758758716169485,0.3531995999270745,0.4758758716169485,1365,Monster's Ball,Monster's Ball
hit,hit,0.5994202530538112,0.1995534528396847,0.20102629410650408,0.5994202530538112,0.48335594107134927,0.5994202530538112,18785,The Hangover,The Hangover
average,flop,0.6258317317222544,0.2039540482256821,0.6258317317222544,0.17021422005206355,0.24417088047763316,0.2039540482256821,301351,We Are Your Friends,We Are Your Friends
hit,flop,0.37528519982587866,0.33053117967746487,0.37528519982587866,0.29418362049665653,0.42408345115133944,0.29418362049665653,9487,A Bug's Life,A Bug's Life
average,average,0.5032517064882677,0.5032517064882677,0.12131315208499036,0.3754351414267419,0.46587674873237866,0.5032517064882677,308531,Teenage Mutant Ninja Turtles: Out of the Shadows,Teenage Mutant Ninja Turtles: Out of the Shadows
average,flop,0.579353016788943,0.3416353960258489,0.579353016788943,0.07901158718520805,0.38148028666533784,0.3416353960258489,15049,Bon Cop Bad Cop,Bon Cop Bad Cop
hit,flop,0.6792182180831224,0.13784027397494356,0.6792182180831224,0.18294150794193395,0.25086769053938496,0.18294150794193395,122081,Spring Breakers,Spring Breakers
flop,flop,0.5989042880497196,0.14503789868008982,0.5989042880497196,0.25605781327019056,0.48320708082825453,0.5989042880497196,5172,The Astronaut Farmer,The Astronaut Farmer
hit,flop,0.6107416562046903,0.15797395012219376,0.6107416562046903,0.23128439367311596,0.31233142524214164,0.23128439367311596,176124,Home Run,Home Run
hit,hit,0.38618745045404435,0.3538706777413861,0.25994187180456957,0.38618745045404435,0.4091485655084877,0.38618745045404435,2280,Big,Big
hit,hit,0.7102105543341549,0.15026500541632612,0.13952444024951902,0.7102105543341549,0.5712227347801151,0.7102105543341549,72571,Paranormal Activity 3,Paranormal Activity 3
hit,flop,0.39590166467550847,0.24847390850633566,0.39590166467550847,0.3556244268181559,0.277509042020818,0.3556244268181559,10664,[REC]²,[REC]²
hit,hit,0.7039029937225951,0.17533945692402989,0.12075754935337506,0.7039029937225951,0.32791129010025205,0.7039029937225951,59436,Midnight in Paris,Midnight in Paris
flop,hit,0.4806514125817669,0.33294506868593504,0.186403518732298,0.4806514125817669,0.2503252282462472,0.186403518732298,9008,The Insider,The Insider
average,average,0.38639463837794763,0.38639463837794763,0.336534519131529,0.27707084249052344,0.3778561244611477,0.38639463837794763,331190,Captive,Captive
hit,hit,0.3514031583287943,0.3040287428663807,0.3445680988048249,0.3514031583287943,0.2809207107695229,0.3514031583287943,133805,Carrie,Carrie
hit,average,0.4006947083344291,0.4006947083344291,0.35616921994889933,0.2431360717166716,0.4384760460903106,0.2431360717166716,97630,Zero Dark Thirty,Zero Dark Thirty
hit,hit,0.6669448659633163,0.21352956981838536,0.11952556421829832,0.6669448659633163,0.3487294408174687,0.6669448659633163,11697,The Man Who Shot Liberty Valance,The Man Who Shot Liberty Valance
hit,flop,0.6175239942788896,0.24358418102818205,0.6175239942788896,0.1388918246929284,0.2871322688151352,0.1388918246929284,34086,Spaced Invaders,Spaced Invaders
hit,average,0.5802060419328062,0.5802060419328062,0.3456833119665951,0.07411064610059867,0.1938537955673175,0.07411064610059867,85446,Step Up Revolution,Step Up Revolution
hit,flop,0.4917485312213571,0.2776317674227932,0.4917485312213571,0.2306197013558497,0.2569151633459929,0.2306197013558497,268238,The Second Best Exotic Marigold Hotel,The Second Best Exotic Marigold Hotel
flop,flop,0.37126105602364157,0.34639963442824273,0.37126105602364157,0.2823393095481156,0.3586351521861081,0.37126105602364157,14175,Valiant,Valiant
hit,flop,0.359814507260384,0.31307405355686874,0.359814507260384,0.32711143918274727,0.42687757809955357,0.32711143918274727,22881,The Blind Side,The Blind Side
hit,hit,0.61653736034276,0.2956280629401534,0.08783457671708668,0.61653736034276,0.32304100083184145,0.61653736034276,2770,American Pie 2,American Pie 2
hit,hit,0.9056745879913337,0.07031986747853664,0.02400554453012961,0.9056745879913337,0.5052555260477453,0.9056745879913337,89,Indiana Jones and the Last Crusade,Indiana Jones and the Last Crusade
flop,flop,0.5879752470397784,0.3060920597815387,0.5879752470397784,0.10593269317868288,0.5218741746000537,0.5879752470397784,9053,DOA: Dead or Alive,DOA: Dead or Alive
hit,average,0.48829177465503315,0.48829177465503315,0.32537712079804565,0.18633110454692126,0.27949094900711924,0.18633110454692126,1954,The Butterfly Effect,The Butterfly Effect
hit,average,0.4800446933272848,0.4800446933272848,0.28752869425768063,0.23242661241503465,0.2973179882056594,0.23242661241503465,293863,The Age of Adaline,The Age of Adaline
average,flop,0.3827422005358389,0.3764200981845206,0.3827422005358389,0.24083770127964044,0.3523099853251513,0.3764200981845206,106747,Machete Kills,Machete Kills
flop,hit,0.49672881890912063,0.37477018765756903,0.12850099343331023,0.49672881890912063,0.23523953956837576,0.12850099343331023,48572,Red State,Red State
hit,flop,0.5200171598511094,0.26965145814679436,0.5200171598511094,0.21033138200209622,0.1044565848778664,0.21033138200209622,146,"Crouching Tiger, Hidden Dragon",卧虎藏龙
hit,hit,0.5373509303281943,0.43565182827112764,0.026997241400678135,0.5373509303281943,0.31794328301283026,0.5373509303281943,2502,The Bourne Supremacy,The Bourne Supremacy
average,average,0.4730504168058477,0.4730504168058477,0.1434470510797824,0.3835025321143699,0.32593642354164665,0.4730504168058477,8741,The Thin Red Line,The Thin Red Line
hit,hit,0.41625601034161414,0.30965865450568053,0.2740853351527053,0.41625601034161414,0.38692232001998894,0.41625601034161414,11090,The Animal,The Animal
average,hit,0.4868934792326816,0.340203925168611,0.1729025955987074,0.4868934792326816,0.45786869090609755,0.340203925168611,82703,Mr. Peabody & Sherman,Mr. Peabody & Sherman
hit,hit,0.7821441838463732,0.0778643357513632,0.13999148040226347,0.7821441838463732,0.3171248186853436,0.7821441838463732,43839,Alexander's Ragtime Band,Alexander's Ragtime Band
hit,flop,0.40210689601914035,0.1971371007105578,0.40210689601914035,0.40075600327030175,0.521300212776545,0.40075600327030175,272878,Max,Max
hit,hit,0.3822828884736935,0.33371916761198583,0.28399794391432065,0.3822828884736935,0.4406457017962814,0.3822828884736935,157350,Divergent,Divergent
average,average,0.5389817917276114,0.5389817917276114,0.2540609543841379,0.2069572538882507,0.4443464427967048,0.5389817917276114,8452,The 6th Day,The 6th Day
average,hit,0.8825259689967452,0.08772691114274848,0.029747119860506342,0.8825259689967452,0.37889247947996774,0.08772691114274848,329833,Zoolander 2,Zoolander 2
average,average,0.4145876297514707,0.4145876297514707,0.2983356877021282,0.2870766825464012,0.37270979311946784,0.4145876297514707,76285,Percy Jackson: Sea of Monsters,Percy Jackson: Sea of Monsters
average,hit,0.5190859681882081,0.3485156138326814,0.13239841797911042,0.5190859681882081,0.40517976033515357,0.3485156138326814,227735,Dolphin Tale 2,Dolphin Tale 2
average,average,0.6624363168688403,0.6624363168688403,0.132761579700113,0.20480210343104668,0.6096474773377097,0.6624363168688403,27022,The Sorcerer's Apprentice,The Sorcerer's Apprentice
hit,flop,0.6234328621338746,0.2663793410022628,0.6234328621338746,0.11018779686386261,0.19337821161963975,0.11018779686386261,10090,Reno 911!: Miami,Reno 911!: Miami
flop,flop,0.6810436006272305,0.1542057108646076,0.6810436006272305,0.16475068850816196,0.42752495098110227,0.6810436006272305,175541,Black Nativity,Black Nativity
flop,hit,0.9458637897840134,0.03813735669057548,0.01599885352541122,0.9458637897840134,0.0802286242680024,0.01599885352541122,19,Metropolis,Metropolis
flop,average,0.792509540421667,0.792509540421667,0.08598656908837402,0.12150389048995891,0.3257273757255834,0.08598656908837402,4421,G.I. Jane,G.I. Jane
flop,hit,0.35319879239319674,0.32894595536145327,0.31785525224535005,0.35319879239319674,0.4371793562834353,0.31785525224535005,242095,The Signal,The Signal
hit,flop,0.45249567018758197,0.29679564142806447,0.45249567018758197,0.2507086883843535,0.3367052113752428,0.2507086883843535,11637,Are We There Yet?,Are We There Yet?
hit,hit,0.5717231632426605,0.10601845405503971,0.3222583827022997,0.5717231632426605,0.22290819722298755,0.5717231632426605,423,The Pianist,The Pianist
hit,average,0.4192954767285414,0.4192954767285414,0.26826991830642555,0.31243460496503306,0.36846840355990707,0.31243460496503306,9718,Talladega Nights: The Ballad of Ricky Bobby,Talladega Nights: The Ballad of Ricky Bobby
hit,average,0.4059095534405911,0.4059095534405911,0.3219405318907742,0.27214991466863475,0.13383811353939198,0.27214991466863475,9762,Step Up,Step Up
hit,flop,0.7388965060724384,0.17560636894723247,0.7388965060724384,0.0854971249803292,0.16589090815311616,0.0854971249803292,16608,The Proposition,The Proposition
flop,hit,0.5540439167130893,0.25286850838151687,0.1930875749053939,0.5540439167130893,0.23211861909463416,0.1930875749053939,171274,Inherent Vice,Inherent Vice
average,average,0.5782288962942111,0.5782288962942111,0.2957742677748252,0.12599683593096359,0.35983244106188805,0.5782288962942111,33909,Wall Street: Money Never Sleeps,Wall Street: Money Never Sleeps
hit,average,0.4666633269353153,0.4666633269353153,0.21277883652787144,0.3205578365368133,0.38074349668238716,0.3205578365368133,72190,World War Z,World War Z
flop,average,0.41224533534592256,0.41224533534592256,0.37817443442583276,0.20958023022824473,0.33412602594278207,0.37817443442583276,58680,Woo,Woo
hit,average,0.5410669850721862,0.5410669850721862,0.24213286130741385,0.2168001536204001,0.26788797701050543,0.2168001536204001,816,Austin Powers: International Man of Mystery,Austin Powers: International Man of Mystery
flop,average,0.5033910090470363,0.5033910090470363,0.3063369620813643,0.1902720288715995,0.216869974027435,0.3063369620813643,7364,Sahara,Sahara
hit,hit,0.6394589677443855,0.21657278498805874,0.14396824726755575,0.6394589677443855,0.38570183496799937,0.6394589677443855,680,Pulp Fiction,Pulp Fiction
hit,hit,0.48665426044749066,0.29896537422832326,0.21438036532418614,0.48665426044749066,0.24253344956710543,0.48665426044749066,627,Trainspotting,Trainspotting
hit,flop,0.4690473672746095,0.4456022501362102,0.4690473672746095,0.08535038258918026,0.24925466214379255,0.08535038258918026,22345,Baby Geniuses,Baby Geniuses
average,flop,0.6058656215765099,0.23637838108181153,0.6058656215765099,0.15775599734167864,0.240142226832246,0.23637838108181153,9100,The Craft,The Craft
average,flop,0.464681037103009,0.2860514325473373,0.464681037103009,0.2492675303496537,0.2501359329277694,0.2860514325473373,167,K-PAX,K-PAX
hit,average,0.4568212503790865,0.4568212503790865,0.37067557077779684,0.17250317884311672,0.2522873680607962,0.17250317884311672,158015,The Purge,The Purge
hit,flop,0.5656855704749741,0.20346681485116516,0.5656855704749741,0.2308476146738608,0.24999913684813577,0.2308476146738608,253331,Black or White,Black or White
average,average,0.6138602934401839,0.6138602934401839,0.2285439555470036,0.15759575101281245,0.4374851895902891,0.6138602934401839,11679,xXx: State of the Union,xXx: State of the Union
average,average,0.502347284464553,0.502347284464553,0.26880021262519055,0.22885250291025655,0.4230418014537908,0.502347284464553,24438,Did You Hear About the Morgans?,Did You Hear About the Morgans?
average,average,0.3643756646742883,0.3643756646742883,0.32114285602538156,0.31448147930033016,0.2872948582366974,0.3643756646742883,10545,The Hunchback of Notre Dame,The Hunchback of Notre Dame
average,hit,0.421935928720343,0.3772926674562622,0.20077140382339465,0.421935928720343,0.45368130101816384,0.3772926674562622,261023,Black Mass,Black Mass
hit,hit,0.4726095957068401,0.19494264743537823,0.3324477568577817,0.4726095957068401,0.29385751175981933,0.4726095957068401,10229,A Walk to Remember,A Walk to Remember
hit,average,0.4785150263716109,0.4785150263716109,0.16731952896043248,0.35416544466795663,0.4661527872663664,0.35416544466795663,345,Eyes Wide Shut,Eyes Wide Shut
hit,hit,0.4430530803542267,0.36182795148960384,0.1951189681561696,0.4430530803542267,0.36206898952324335,0.4430530803542267,114,Pretty Woman,Pretty Woman
hit,average,0.3917840054506396,0.3917840054506396,0.23322936477515407,0.37498662977420627,0.39114651463975086,0.37498662977420627,172,Star Trek V: The Final Frontier,Star Trek V: The Final Frontier
average,flop,0.37846353065854554,0.36393122992920013,0.37846353065854554,0.25760523941225427,0.24827903280937696,0.36393122992920013,9645,Ghost Ship,Ghost Ship
average,flop,0.6119664899129211,0.2813010841355756,0.6119664899129211,0.10673242595150322,0.35223240341121964,0.2813010841355756,53457,Sarah's Key,Elle s'appelait Sarah
average,flop,0.4717299738159316,0.24353041175503026,0.4717299738159316,0.2847396144290381,0.22977479880289478,0.24353041175503026,198185,Million Dollar Arm,Million Dollar Arm
flop,flop,0.5916725529315239,0.32113705773714346,0.5916725529315239,0.08719038933133264,0.531408536802533,0.5916725529315239,27936,Micmacs,Micmacs à tire-larigot
flop,average,0.44491394358757597,0.44491394358757597,0.1504154614402602,0.40467059497216384,0.1904478487657798,0.1504154614402602,201088,Blackhat,Blackhat
average,flop,0.6481509393377971,0.23422963220559428,0.6481509393377971,0.1176194284566087,0.28591920958412476,0.23422963220559428,1921,Sweet November,Sweet November
hit,average,0.4647733808688121,0.4647733808688121,0.2545737131073193,0.2806529060238686,0.21559238819405255,0.2806529060238686,267860,London Has Fallen,London Has Fallen
hit,flop,0.6248200245608282,0.15300532892199156,0.6248200245608282,0.22217464651718022,0.23719223698532707,0.22217464651718022,11690,Bloodsport,Bloodsport
flop,hit,0.4053495116949876,0.3743172693541419,0.2203332189508706,0.4053495116949876,0.27425728131394794,0.2203332189508706,41283,Faster,Faster
hit,hit,0.7537948498976386,0.19770770760470835,0.0484974424976531,0.7537948498976386,0.4854507973777978,0.7537948498976386,330,The Lost World: Jurassic Park,The Lost World: Jurassic Park
hit,hit,0.8819649704337772,0.09655589924661494,0.021479130319607825,0.8819649704337772,0.3067356672108836,0.8819649704337772,408,Snow White and the Seven Dwarfs,Snow White and the Seven Dwarfs
hit,hit,0.409062550871632,0.2426967755134686,0.3482406736148994,0.409062550871632,0.2293840662532099,0.409062550871632,80,Before Sunset,Before Sunset
flop,hit,0.47484444594424935,0.2874436432996938,0.23771191075605685,0.47484444594424935,0.12525218412820685,0.23771191075605685,11026,Exorcist: The Beginning,Exorcist: The Beginning
average,hit,0.3672545758714071,0.2776560585378474,0.35508936559074555,0.3672545758714071,0.3532063510424059,0.2776560585378474,16363,The Best Little Whorehouse in Texas,The Best Little Whorehouse in Texas
flop,hit,0.478481977275954,0.22829279968999017,0.29322522303405574,0.478481977275954,0.21356048252009396,0.29322522303405574,10972,Session 9,Session 9
flop,hit,0.4179037338850036,0.2985366580850812,0.2835596080299152,0.4179037338850036,0.3890266761722674,0.2835596080299152,2669,The Bounty,The Bounty
hit,flop,0.43999093960292507,0.23955047033860713,0.43999093960292507,0.32045859005846783,0.47391336901633646,0.32045859005846783,26748,Lone Star,Lone Star
hit,flop,0.3776011919803051,0.29649515055129994,0.3776011919803051,0.32590365746839495,0.29666782173141953,0.32590365746839495,13836,Race to Witch Mountain,Race to Witch Mountain
flop,flop,0.7056010829673811,0.20735069707079617,0.7056010829673811,0.08704821996182256,0.4678317849470952,0.7056010829673811,22256,Without Limits,Without Limits
flop,flop,0.5314041925897522,0.2582590841298342,0.5314041925897522,0.21033672328041358,0.24956438445265228,0.5314041925897522,227707,The Adventurer: The Curse of the Midas Box,The Adventurer: The Curse of the Midas Box
hit,average,0.546211276559672,0.546211276559672,0.28295286321220736,0.17083586022812056,0.2640168651526746,0.17083586022812056,18126,Hannah Montana: The Movie,Hannah Montana: The Movie
hit,flop,0.5194835102231055,0.34280975414623854,0.5194835102231055,0.1377067356306559,0.29239327637013734,0.1377067356306559,273895,Selma,Selma
flop,flop,0.49557112758622623,0.3774052333444609,0.49557112758622623,0.127023639069313,0.2820492725182593,0.49557112758622623,9849,My Favorite Martian,My Favorite Martian
hit,hit,0.842872313498467,0.12837255205264017,0.028755134448892893,0.842872313498467,0.5534787586070906,0.842872313498467,214756,Ted 2,Ted 2
hit,flop,0.6016064685391633,0.2085980628686023,0.6016064685391633,0.18979546859223445,0.24162576489773382,0.18979546859223445,77866,Contraband,Contraband
hit,hit,0.521561924322893,0.2336224534566078,0.24481562222049927,0.521561924322893,0.4582564435252733,0.521561924322893,101267,Katy Perry: Part of Me,Katy Perry: Part of Me
flop,hit,0.46790245567119637,0.2368678845800234,0.2952296597487802,0.46790245567119637,0.38783298377189773,0.2952296597487802,301365,The Neon Demon,The Neon Demon
flop,hit,0.4277076305776981,0.3901177157729038,0.1821746536493982,0.4277076305776981,0.2794651037503241,0.1821746536493982,210860,Mortdecai,Mortdecai
hit,hit,0.7839950591914323,0.16820373401883804,0.04780120678972973,0.7839950591914323,0.38415176370881093,0.7839950591914323,874,A Man for All Seasons,A Man for All Seasons
hit,average,0.4636986378466255,0.4636986378466255,0.25233888228130713,0.28396247987206724,0.3273001910536802,0.28396247987206724,138832,We're the Millers,We're the Millers
flop,flop,0.49018427196704845,0.27931196100099237,0.49018427196704845,0.23050376703195918,0.3657263898215841,0.49018427196704845,9582,A Guy Thing,A Guy Thing
hit,average,0.4323168445000086,0.4323168445000086,0.21695071856253884,0.3507324369374526,0.36466303395438443,0.3507324369374526,71552,American Reunion,American Reunion
hit,hit,0.47447371269183763,0.29573579745325757,0.2297904898549049,0.47447371269183763,0.30703924266868404,0.47447371269183763,24748,Hud,Hud
hit,average,0.3969856986120782,0.3969856986120782,0.30093168424044237,0.3020826171474794,0.32299832492903835,0.3020826171474794,109431,Identity Thief,Identity Thief
flop,flop,0.6755028450972672,0.24987345573922978,0.6755028450972672,0.07462369916350313,0.3779353277078848,0.6755028450972672,30128,I Hope They Serve Beer in Hell,I Hope They Serve Beer in Hell
hit,average,0.56635427888181,0.56635427888181,0.27029115649657987,0.16335456462160997,0.2631247457299618,0.16335456462160997,38050,The Adjustment Bureau,The Adjustment Bureau
average,flop,0.39517170708215615,0.2968791210681497,0.39517170708215615,0.3079491718496941,0.3712818915182006,0.2968791210681497,10017,The Wraith,The Wraith
hit,flop,0.36998243744251136,0.3282435980492546,0.36998243744251136,0.30177396450823407,0.3338417628128215,0.30177396450823407,10314,She's All That,She's All That
hit,hit,0.6867326209744546,0.20652091607174372,0.10674646295380165,0.6867326209744546,0.41751545301583626,0.6867326209744546,580,Jaws: The Revenge,Jaws: The Revenge
average,average,0.3750708299896018,0.3750708299896018,0.3456368280767661,0.27929234193363217,0.38575347255459086,0.3750708299896018,12123,Chain Reaction,Chain Reaction
hit,average,0.4844679465354818,0.4844679465354818,0.3826973880951465,0.13283466536937172,0.2766033170123247,0.13283466536937172,795,City of Angels,City of Angels
hit,average,0.401985136194839,0.401985136194839,0.2107379662897401,0.3872768975154209,0.36839961820144584,0.3872768975154209,808,Shrek,Shrek
hit,average,0.393597440832097,0.393597440832097,0.36894427518591866,0.2374582839819844,0.3666251897552542,0.2374582839819844,41210,The Switch,The Switch
hit,hit,0.574771432716142,0.1190347019324197,0.30619386535143844,0.574771432716142,0.43491343293867524,0.574771432716142,19265,Whatever Works,Whatever Works
hit,hit,0.6313892732773541,0.30141795625334444,0.06719277046930153,0.6313892732773541,0.2755867243162201,0.6313892732773541,4011,Beetlejuice,Beetlejuice
hit,average,0.3960443435012277,0.3960443435012277,0.23641999647040116,0.3675356600283712,0.2863093542852901,0.3675356600283712,59859,Kick-Ass 2,Kick-Ass 2
hit,average,0.6004011375227519,0.6004011375227519,0.193758126119428,0.20584073635782008,0.2611840926332655,0.20584073635782008,38,Eternal Sunshine of the Spotless Mind,Eternal Sunshine of the Spotless Mind
hit,hit,0.8625127665923392,0.11865278441127687,0.01883444899638396,0.8625127665923392,0.4179778829947938,0.8625127665923392,676,Pearl Harbor,Pearl Harbor
hit,average,0.45760393339403577,0.45760393339403577,0.21379601057984676,0.32860005602611747,0.30320231326405833,0.32860005602611747,102651,Maleficent,Maleficent
average,flop,0.37992483618721434,0.26163417601886463,0.37992483618721434,0.35844098779392103,0.24083767812334214,0.26163417601886463,11544,Lilo & Stitch,Lilo & Stitch
hit,hit,0.8456485065547188,0.07996134089267047,0.07439015255261072,0.8456485065547188,0.576053847888912,0.8456485065547188,10014,A Nightmare on Elm Street Part 2: Freddy's Revenge,A Nightmare on Elm Street Part 2: Freddy's Revenge
average,hit,0.3741544927087534,0.2758853385614931,0.3499601687297535,0.3741544927087534,0.27556317188877777,0.2758853385614931,200505,Draft Day,Draft Day
hit,hit,0.6299436882243074,0.314141455081755,0.05591485669393772,0.6299436882243074,0.5001840361946233,0.6299436882243074,157336,Interstellar,Interstellar
average,flop,0.41084070384512356,0.2947544587730476,0.41084070384512356,0.29440483738182893,0.30535426654856423,0.2947544587730476,865,The Running Man,The Running Man
flop,hit,0.6768686303453211,0.21630817607407676,0.10682319358060213,0.6768686303453211,0.18455704893145028,0.10682319358060213,7341,The Rage: Carrie 2,The Rage: Carrie 2
hit,flop,0.47304748236796534,0.23185678026158804,0.47304748236796534,0.2950957373704466,0.3966964506495855,0.2950957373704466,9459,Woodstock,Woodstock
hit,average,0.49755675330515536,0.49755675330515536,0.13820964546195627,0.3642336012328884,0.3863649160302965,0.3642336012328884,196867,Annie,Annie
average,hit,0.5885268591173815,0.35961306722481223,0.05186007365780626,0.5885268591173815,0.3899918970117208,0.35961306722481223,1639,Speed 2: Cruise Control,Speed 2: Cruise Control
hit,hit,0.4673180359170172,0.34917472022826773,0.18350724385471498,0.4673180359170172,0.615744539798432,0.4673180359170172,9532,Final Destination,Final Destination
flop,flop,0.49140368136051227,0.2873045501583227,0.49140368136051227,0.22129176848116516,0.44350202267866984,0.49140368136051227,8090,Untraceable,Untraceable
hit,hit,0.4207521871635163,0.2646359287391187,0.3146118840973651,0.4207521871635163,0.5188721499069121,0.4207521871635163,77883,The Possession,The Possession
hit,average,0.525524283467847,0.525524283467847,0.1945674860795661,0.27990823045258695,0.3725358752619688,0.27990823045258695,7303,Maid in Manhattan,Maid in Manhattan
average,hit,0.5855144171959148,0.2203474264765338,0.19413815632755133,0.5855144171959148,0.34015145305585814,0.2203474264765338,15186,Full Frontal,Full Frontal
hit,hit,0.373416527245211,0.3422341281543078,0.2843493446004811,0.373416527245211,0.2880768281151467,0.373416527245211,29427,The Crazies,The Crazies
average,flop,0.36391469772909013,0.2952261214082792,0.36391469772909013,0.34085918086263073,0.262545426775542,0.2952261214082792,12618,Random Hearts,Random Hearts
flop,flop,0.6108622520502616,0.27447545438430465,0.6108622520502616,0.11466229356543384,0.3215162770188438,0.6108622520502616,73191,The Nutcracker,The Nutcracker
hit,average,0.5326425461621712,0.5326425461621712,0.2298444077428467,0.2375130460949821,0.36519088100700126,0.2375130460949821,10137,Stuart Little,Stuart Little
hit,hit,0.47729823572117525,0.4689484393343802,0.05375332494444453,0.47729823572117525,0.3157794898455136,0.47729823572117525,102899,Ant-Man,Ant-Man
flop,flop,0.5894590375555747,0.34474168240362285,0.5894590375555747,0.06579928004080234,0.2819604324861242,0.5894590375555747,11398,The Art of War,The Art of War
average,flop,0.690692422741284,0.12797591123072738,0.690692422741284,0.1813316660279888,0.15929336409140898,0.12797591123072738,164372,The Snow Queen,Снежная королева
average,flop,0.4963668215513805,0.38424334547386124,0.4963668215513805,0.11938983297475829,0.4100376915876598,0.38424334547386124,23082,The Invention of Lying,The Invention of Lying
hit,hit,0.5658734935494365,0.31432622476925376,0.11980028168130975,0.5658734935494365,0.43545617761407146,0.5658734935494365,10673,Wall Street,Wall Street
hit,average,0.5173472357876124,0.5173472357876124,0.41314063833793674,0.06951212587445085,0.14966890959185375,0.06951212587445085,8872,Wayne's World,Wayne's World
average,hit,0.3769783072855519,0.2685036897190588,0.3545180029953893,0.3769783072855519,0.2022801039176822,0.2685036897190588,9779,The Sisterhood of the Traveling Pants,The Sisterhood of the Traveling Pants
hit,flop,0.4905306017649625,0.3977844822031474,0.4905306017649625,0.11168491603189008,0.26469742595271833,0.11168491603189008,508,Love Actually,Love Actually
hit,average,0.539310097427472,0.539310097427472,0.3461591536759925,0.11453074889653554,0.26606487531413653,0.11453074889653554,2486,Eragon,Eragon
flop,flop,0.4388257217060939,0.2851350098063267,0.4388257217060939,0.27603926848757954,0.3003281578513217,0.4388257217060939,20766,The Road,The Road
hit,average,0.413854862371592,0.413854862371592,0.3198367802646693,0.2663083573637387,0.2761424309836849,0.2663083573637387,864,Cool Runnings,Cool Runnings
hit,hit,0.4435969416139247,0.23211217059468042,0.3242908877913948,0.4435969416139247,0.34728617568366144,0.4435969416139247,9400,Set It Off,Set It Off
flop,hit,0.3960862645570644,0.3557140347935689,0.24819970064936664,0.3960862645570644,0.3849978739124311,0.24819970064936664,13685,Bottle Rocket,Bottle Rocket
hit,hit,0.49637536123276627,0.1083582774325949,0.3952663613346388,0.49637536123276627,0.31244171774947116,0.49637536123276627,241251,The Boy Next Door,The Boy Next Door
flop,average,0.4151656524054533,0.4151656524054533,0.19555266826372958,0.3892816793308172,0.3227415020865284,0.19555266826372958,10592,Hart's War,Hart's War
hit,hit,0.8780796837936833,0.09635328620401566,0.025567030002300973,0.8780796837936833,0.6658975200112236,0.8780796837936833,4233,Scream 2,Scream 2
hit,average,0.4874069303131488,0.4874069303131488,0.28079891394148493,0.23179415574536635,0.2724001405512482,0.23179415574536635,64688,21 Jump Street,21 Jump Street
hit,average,0.45351100653447773,0.45351100653447773,0.13476588120700145,0.41172311225852076,0.24608382252672817,0.41172311225852076,140300,Kung Fu Panda 3,Kung Fu Panda 3
hit,average,0.49707258194463233,0.49707258194463233,0.25466513717867295,0.24826228087669464,0.4134774464440426,0.24826228087669464,9489,You've Got Mail,You've Got Mail
hit,average,0.48451265821893913,0.48451265821893913,0.13444375628222902,0.3810435854988317,0.40354943897485823,0.3810435854988317,1934,Shakespeare in Love,Shakespeare in Love
hit,flop,0.4782195346551978,0.3499970147993041,0.4782195346551978,0.1717834505454981,0.3211373887529182,0.1717834505454981,13335,Harold & Kumar Escape from Guantanamo Bay,Harold & Kumar Escape from Guantanamo Bay
average,average,0.4565279230794913,0.4565279230794913,0.35772102424793945,0.18575105267256925,0.4081137302104491,0.4565279230794913,1636,Bedazzled,Bedazzled
flop,average,0.48489902154805214,0.48489902154805214,0.4583057237958729,0.056795254656074816,0.4178845896908328,0.4583057237958729,109417,Battle of the Year,Battle of the Year
flop,average,0.561802695501397,0.561802695501397,0.25399639904872107,0.18420090544988188,0.34902742638903395,0.25399639904872107,10537,The Doors,The Doors
hit,flop,0.6988792964425581,0.17964911553840363,0.6988792964425581,0.12147158801903815,0.30538849982091215,0.12147158801903815,81390,A Lonely Place to Die,A Lonely Place to Die
average,average,0.3740188598569993,0.3740188598569993,0.3279148647001844,0.29806627544281644,0.2961496639153661,0.3740188598569993,711,Finding Forrester,Finding Forrester
average,average,0.39115203013472,0.39115203013472,0.2971192061877357,0.3117287636775444,0.33207235737558743,0.39115203013472,563,Starship Troopers,Starship Troopers
flop,flop,0.7216149340287763,0.18544336638839892,0.7216149340287763,0.0929416995828249,0.47754668930856975,0.7216149340287763,255343,Escobar: Paradise Lost,Escobar: Paradise Lost
average,flop,0.3686020902542686,0.3008578402194637,0.3686020902542686,0.3305400695262677,0.3443728398754494,0.3008578402194637,20504,The Book of Eli,The Book of Eli
hit,hit,0.9080910437818704,0.07782169990075483,0.014087256317374813,0.9080910437818704,0.3287744386664306,0.9080910437818704,762,Monty Python and the Holy Grail,Monty Python and the Holy Grail
flop,flop,0.5254305266021246,0.3624671853665298,0.5254305266021246,0.11210228803134571,0.32438178016687197,0.5254305266021246,17711,The Adventures of Rocky & Bullwinkle,The Adventures of Rocky & Bullwinkle
average,average,0.424525587305806,0.424525587305806,0.3455268528188009,0.2299475598753932,0.3414309109697596,0.424525587305806,16614,Adventureland,Adventureland
hit,flop,0.46617483339819027,0.2700421477262722,0.46617483339819027,0.26378301887553757,0.34742736590806833,0.26378301887553757,8363,Superbad,Superbad
hit,hit,0.45034384418992757,0.36904570005245496,0.18061045575761756,0.45034384418992757,0.4075667974506423,0.45034384418992757,4929,Hang 'em High,Hang 'em High
hit,average,0.48748143790843657,0.48748143790843657,0.17405263541330662,0.33846592667825676,0.37232453781112257,0.33846592667825676,38317,Zookeeper,Zookeeper
hit,hit,0.7370948527848807,0.11289850940829003,0.15000663780682924,0.7370948527848807,0.21562732948003385,0.7370948527848807,39254,Real Steel,Real Steel
hit,average,0.4870798424410211,0.4870798424410211,0.2096461740561456,0.30327398350283347,0.2818299365877656,0.30327398350283347,10528,Sherlock Holmes,Sherlock Holmes
flop,hit,0.8151658729313924,0.10795879507804852,0.07687533199055914,0.8151658729313924,0.23797697696008255,0.07687533199055914,576,The Wild Bunch,The Wild Bunch
flop,flop,0.41275507619500096,0.2749618020223882,0.41275507619500096,0.31228312178261086,0.34078520489894276,0.41275507619500096,20794,Novocaine,Novocaine
flop,flop,0.48819263384117256,0.37153592159863275,0.48819263384117256,0.14027144456019472,0.3011863736401583,0.48819263384117256,3604,Flash Gordon,Flash Gordon
average,average,0.5308449661448076,0.5308449661448076,0.26041888263077545,0.20873615122441705,0.4627433795172544,0.5308449661448076,10207,Message in a Bottle,Message in a Bottle
flop,flop,0.6405540560344054,0.20085510938009998,0.6405540560344054,0.15859083458549458,0.4446718638614145,0.6405540560344054,17436,The Informers,The Informers
flop,flop,0.5062492642736355,0.2501247731178836,0.5062492642736355,0.2436259626084809,0.40452948361801977,0.5062492642736355,87729,Jefferson in Paris,Jefferson in Paris
flop,hit,0.6164539513911578,0.32344581026057606,0.06010023834826623,0.6164539513911578,0.1759991222570632,0.06010023834826623,6972,Australia,Australia
hit,hit,0.5212077363408939,0.4482446847991658,0.030547578859940284,0.5212077363408939,0.41680963891975426,0.5212077363408939,87101,Terminator Genisys,Terminator Genisys
average,average,0.3812103195627909,0.3812103195627909,0.30279096340027994,0.3159987170369292,0.2796533729517158,0.3812103195627909,590,The Hours,The Hours
flop,flop,0.6420984189098817,0.2743523905624262,0.6420984189098817,0.08354919052769198,0.3075853794969569,0.6420984189098817,9292,Hudson Hawk,Hudson Hawk
average,average,0.4757670647347801,0.4757670647347801,0.2091903377835118,0.31504259748170804,0.47039203230752785,0.4757670647347801,8676,Fool's Gold,Fool's Gold
hit,average,0.5058866991959852,0.5058866991959852,0.16928477420876406,0.32482852659525085,0.35966525345051953,0.32482852659525085,392,Chocolat,Chocolat
hit,hit,0.38038767361219156,0.3774898911700371,0.24212243521777127,0.38038767361219156,0.31244945607503094,0.38038767361219156,44943,Battle: Los Angeles,Battle: Los Angeles
hit,hit,0.6404069622410271,0.2853240967861566,0.07426894097281633,0.6404069622410271,0.35253858398278964,0.6404069622410271,812,Aladdin,Aladdin
hit,hit,0.420652851371438,0.2964416139447608,0.28290553468380114,0.420652851371438,0.49286210355816773,0.420652851371438,227973,The Peanuts Movie,The Peanuts Movie
hit,average,0.5096429820268039,0.5096429820268039,0.17345287266701695,0.31690414530617916,0.46270732259477904,0.31690414530617916,1598,Cape Fear,Cape Fear
hit,hit,0.6740939819075317,0.08296965053992074,0.24293636755254763,0.6740939819075317,0.33505108511151144,0.6740939819075317,13909,She Wore a Yellow Ribbon,She Wore a Yellow Ribbon
average,average,0.39947570017042744,0.39947570017042744,0.24262292930542467,0.35790137052414794,0.35205058126005084,0.39947570017042744,52451,The Three Musketeers,The Three Musketeers
average,flop,0.5095841810594186,0.2852957918590742,0.5095841810594186,0.20512002708150714,0.3366746522465704,0.2852957918590742,9615,The Fast and the Furious: Tokyo Drift,The Fast and the Furious: Tokyo Drift
hit,average,0.3977153894271561,0.3977153894271561,0.37274885369877003,0.2295357568740739,0.4261875411627001,0.2295357568740739,2251,Unfaithful,Unfaithful
hit,average,0.42149354952656903,0.42149354952656903,0.254949577475822,0.3235568729976091,0.4690765788289628,0.3235568729976091,754,Face/Off,Face/Off
hit,flop,0.5709873879912439,0.3092180956554693,0.5709873879912439,0.1197945163532867,0.30608308940064277,0.1197945163532867,19084,Johnson Family Vacation,Johnson Family Vacation
hit,hit,0.4682497569470628,0.3943908296503902,0.137359413402547,0.4682497569470628,0.3611616506412643,0.4682497569470628,168,Star Trek IV: The Voyage Home,Star Trek IV: The Voyage Home
hit,flop,0.5818961924767135,0.2568329286921321,0.5818961924767135,0.1612708788311543,0.2837801173156038,0.1612708788311543,77877,The Lucky One,The Lucky One
hit,flop,0.44860042309206144,0.29369613034979714,0.44860042309206144,0.2577034465581414,0.4832989467762912,0.2577034465581414,10152,Dumb and Dumberer: When Harry Met Lloyd,Dumb and Dumberer: When Harry Met Lloyd
hit,average,0.489285653507319,0.489285653507319,0.30378716575292675,0.20692718073975425,0.09287516974003246,0.20692718073975425,228150,Fury,Fury
hit,hit,0.6478691054881306,0.2787677239581608,0.07336317055370854,0.6478691054881306,0.573680557648999,0.6478691054881306,11351,Jeepers Creepers 2,Jeepers Creepers 2
flop,flop,0.6498463561378379,0.21435427854134542,0.6498463561378379,0.13579936532081652,0.35665580803427904,0.6498463561378379,18206,Alone With Her,Alone With Her
hit,average,0.46674306684757505,0.46674306684757505,0.08397725199530694,0.449279681157118,0.3854497415814301,0.449279681157118,310,Bruce Almighty,Bruce Almighty
hit,hit,0.5125144363750556,0.32019793545082165,0.16728762817412277,0.5125144363750556,0.39587326205531326,0.5125144363750556,681,Diamonds Are Forever,Diamonds Are Forever
hit,hit,0.6527249262616971,0.13837268320854776,0.20890239052975518,0.6527249262616971,0.5153681609458813,0.6527249262616971,375290,Airlift,Airlift
average,hit,0.4332922560216085,0.40485568146929857,0.16185206250909304,0.4332922560216085,0.30086172040962317,0.40485568146929857,26390,Brooklyn's Finest,Brooklyn's Finest
flop,flop,0.5093740855263396,0.31862899616311996,0.5093740855263396,0.1719969183105405,0.3876332537710696,0.5093740855263396,137321,Winter's Tale,Winter's Tale
hit,flop,0.464173648474059,0.23984374629110894,0.464173648474059,0.29598260523483194,0.4802866259787348,0.29598260523483194,38358,The Last Exorcism,The Last Exorcism
hit,hit,0.6174638921331671,0.3485171081732788,0.03401899969355405,0.6174638921331671,0.2657729797425821,0.6174638921331671,76163,The Expendables 2,The Expendables 2
flop,average,0.42147109045795644,0.42147109045795644,0.21408004158343197,0.36444886795861153,0.16998822961670063,0.21408004158343197,1911,The 13th Warrior,The 13th Warrior
hit,flop,0.6181383859420294,0.19443118841112877,0.6181383859420294,0.18743042564684195,0.2968633540965482,0.18743042564684195,304357,Woman in Gold,Woman in Gold
hit,hit,0.41060185539048505,0.223723201694884,0.3656749429146309,0.41060185539048505,0.24847578411357352,0.41060185539048505,535,Flashdance,Flashdance
hit,flop,0.40238649614405647,0.34672209832824424,0.40238649614405647,0.2508914055276993,0.4487917739460224,0.2508914055276993,136795,The Heat,The Heat
flop,flop,0.5338213082566392,0.2857903717433036,0.5338213082566392,0.18038832000005717,0.4256917045502306,0.5338213082566392,14139,Timecrimes,Los cronocrímenes
flop,flop,0.3841864551782067,0.3486383128282068,0.3841864551782067,0.2671752319935865,0.30125677206840923,0.3841864551782067,8202,Æon Flux,Æon Flux
hit,average,0.3819340884571792,0.3819340884571792,0.2500061114258891,0.36805980011693173,0.38928297541517193,0.36805980011693173,51540,Horrible Bosses,Horrible Bosses
flop,flop,0.4540440757127265,0.38275536444957714,0.4540440757127265,0.16320055983769624,0.36128617058337237,0.4540440757127265,17926,Undiscovered,Undiscovered
hit,average,0.4177847977818514,0.4177847977818514,0.34013215230553284,0.24208304991261567,0.271591564938781,0.24208304991261567,2925,The First Wives Club,The First Wives Club
average,flop,0.6201329364377893,0.15487262688319212,0.6201329364377893,0.22499443667901858,0.2131515403250273,0.15487262688319212,84401,Sholem Aleichem: Laughing In The Darkness,Sholem Aleichem: Laughing In The Darkness
hit,hit,0.756536314423467,0.134199055610897,0.10926462996563593,0.756536314423467,0.5453326144081064,0.756536314423467,10160,A Nightmare on Elm Street 5: The Dream Child,A Nightmare on Elm Street 5: The Dream Child
average,flop,0.45351029722924247,0.2861927569775583,0.45351029722924247,0.2602969457931991,0.27433201461694656,0.2861927569775583,25941,Harry Brown,Harry Brown
hit,flop,0.4540531335438078,0.28271577705914663,0.4540531335438078,0.2632310893970456,0.3468893168056842,0.2632310893970456,10135,Road House,Road House
hit,hit,0.7126651513830536,0.22195605368027005,0.06537879493667627,0.7126651513830536,0.4073322835858043,0.7126651513830536,36557,Casino Royale,Casino Royale
flop,flop,0.5538469342912404,0.38399356441385024,0.5538469342912404,0.06215950129490937,0.43589736785993527,0.5538469342912404,9042,The Cave,The Cave
flop,average,0.43967249531411173,0.43967249531411173,0.28177754046657455,0.2785499642193138,0.4036247007875398,0.28177754046657455,2185,Big Trouble,Big Trouble
hit,hit,0.42785346400449703,0.2669615150400073,0.30518502095549555,0.42785346400449703,0.5868557262585247,0.42785346400449703,768,From Hell,From Hell
average,average,0.5152688975179246,0.5152688975179246,0.12231463246097209,0.3624164700211033,0.4107666944660188,0.5152688975179246,44826,Hugo,Hugo
flop,hit,0.5437150766275843,0.3427067951293321,0.11357812824308355,0.5437150766275843,0.3269399660123175,0.11357812824308355,43949,Flipped,Flipped
flop,hit,0.3607671250652064,0.3449816342198378,0.2942512407149559,0.3607671250652064,0.19058357921246022,0.2942512407149559,18162,Land of the Lost,Land of the Lost
average,hit,0.46495902230358827,0.4474634382236803,0.08757753947273159,0.46495902230358827,0.5903817026338876,0.4474634382236803,44833,Battleship,Battleship
hit,average,0.4426582512957698,0.4426582512957698,0.34661891977223513,0.21072282893199498,0.29560206181904175,0.21072282893199498,11678,Vertical Limit,Vertical Limit
hit,hit,0.6398503202569636,0.2375916159818068,0.12255806376122948,0.6398503202569636,0.2978441426561513,0.6398503202569636,137106,The Lego Movie,The Lego Movie
flop,average,0.5064256914672624,0.5064256914672624,0.0891112807313231,0.4044630278014146,0.2505468175050683,0.0891112807313231,9573,Blood Work,Blood Work
flop,flop,0.49000782801633497,0.3724460428889905,0.49000782801633497,0.1375461290946744,0.26090268395187527,0.49000782801633497,16072,Gods and Generals,Gods and Generals
hit,flop,0.6305637980290998,0.27700760471674596,0.6305637980290998,0.09242859725415423,0.17731277938334422,0.09242859725415423,25643,Love Happens,Love Happens
hit,hit,0.5432448556335686,0.35172587139779604,0.10502927296863535,0.5432448556335686,0.32204268086407334,0.5432448556335686,16869,Inglourious Basterds,Inglourious Basterds
hit,hit,0.6777818750067475,0.2988454054322937,0.023372719560958755,0.6777818750067475,0.3656770871808806,0.6777818750067475,131634,The Hunger Games: Mockingjay - Part 2,The Hunger Games: Mockingjay - Part 2
flop,flop,0.5124077527143078,0.3055791754197409,0.5124077527143078,0.18201307186595128,0.5050839803407596,0.5124077527143078,14396,Code Name: The Cleaner,Code Name: The Cleaner
hit,hit,0.3843358248251274,0.31931697358583644,0.29634720158903605,0.3843358248251274,0.3895292713402148,0.3843358248251274,50359,Hop,Hop
hit,hit,0.7136871239044175,0.19193611278145892,0.09437676331412372,0.7136871239044175,0.586349278541037,0.7136871239044175,215,Saw II,Saw II
average,flop,0.6203580234125081,0.23876763481687385,0.6203580234125081,0.140874341770618,0.3494402449338207,0.23876763481687385,256924,Danny Collins,Danny Collins
hit,hit,0.8477300960623145,0.08583647283122348,0.06643343110646198,0.8477300960623145,0.44284366132915154,0.8477300960623145,1891,The Empire Strikes Back,The Empire Strikes Back
hit,hit,0.7728063102630586,0.20036720300085056,0.026826486736090876,0.7728063102630586,0.38020804236312344,0.7728063102630586,54138,Star Trek Into Darkness,Star Trek Into Darkness
flop,flop,0.45143082784149596,0.34245451123940096,0.45143082784149596,0.20611466091910324,0.4217542792191482,0.45143082784149596,12779,Swept Away,Swept Away
average,hit,0.5218353769807805,0.37100180376765646,0.10716281925156301,0.5218353769807805,0.2432845091590139,0.37100180376765646,10066,House of Wax,House of Wax
flop,flop,0.6165410309274502,0.3095649492452406,0.6165410309274502,0.07389401982730918,0.4823982592454354,0.6165410309274502,7288,Duplex,Duplex
hit,average,0.498064915380596,0.498064915380596,0.20105264300391193,0.3008824416154922,0.31436737712585067,0.3008824416154922,9348,Species,Species
average,hit,0.6472165931330739,0.28346542197013713,0.0693179848967889,0.6472165931330739,0.378657864351261,0.28346542197013713,65759,Happy Feet Two,Happy Feet Two
average,flop,0.4190001315501328,0.34603255223353135,0.4190001315501328,0.2349673162163358,0.2752656268078385,0.34603255223353135,23172,The Spy Next Door,The Spy Next Door
hit,flop,0.7106344785451444,0.1878603132662462,0.7106344785451444,0.10150520818860942,0.2339262235128742,0.10150520818860942,22314,In Too Deep,In Too Deep
hit,hit,0.48447121523110187,0.22986975138371427,0.2856590333851839,0.48447121523110187,0.49821085608879784,0.48447121523110187,747,Shaun of the Dead,Shaun of the Dead
flop,flop,0.6225180899177155,0.16423619324868124,0.6225180899177155,0.21324571683360313,0.318944060076332,0.6225180899177155,301748,The Opposite Sex,Opposite Sex
average,flop,0.46295020167311435,0.2579378683652919,0.46295020167311435,0.2791119299615937,0.24173029598314127,0.2579378683652919,218043,Left Behind,Left Behind
hit,hit,0.6748839271994064,0.21137039633040322,0.11374567647019043,0.6748839271994064,0.3430017242557594,0.6748839271994064,660,Thunderball,Thunderball
average,flop,0.46783432384576495,0.34308444531630133,0.46783432384576495,0.18908123083793368,0.27440223948334463,0.34308444531630133,9290,Crocodile Dundee in Los Angeles,Crocodile Dundee in Los Angeles
hit,hit,0.34063272956351115,0.33396591594328523,0.32540135449320357,0.34063272956351115,0.3584305907511014,0.34063272956351115,10521,Bride Wars,Bride Wars
hit,hit,0.5739501738195552,0.24637213057433308,0.17967769560611183,0.5739501738195552,0.7238591166406874,0.5739501738195552,338,"Good bye, Lenin!","Good bye, Lenin!"
hit,hit,0.5249784208390263,0.28522787958085233,0.18979369958012124,0.5249784208390263,0.5985496043256545,0.5249784208390263,62211,Monsters University,Monsters University
hit,hit,0.49598585420084773,0.3495810613459244,0.1544330844532279,0.49598585420084773,0.3881567545346082,0.49598585420084773,4232,Scream,Scream
average,average,0.4802009196023833,0.4802009196023833,0.09621006848928525,0.42358901190833137,0.45968643464355763,0.4802009196023833,39691,Cats & Dogs 2 : The Revenge of Kitty Galore,Cats & Dogs 2 : The Revenge of Kitty Galore
flop,flop,0.7631899065290547,0.12044077726572033,0.7631899065290547,0.11636931620522496,0.4902430607871319,0.7631899065290547,44113,Stone,Stone
hit,flop,0.5349070920622062,0.3093549620929513,0.5349070920622062,0.15573794584484252,0.1733361103272905,0.15573794584484252,12094,Jackass Number Two,Jackass Number Two
average,flop,0.5010791640292147,0.25908839661201016,0.5010791640292147,0.23983243935877518,0.2724028282867315,0.25908839661201016,129670,Nebraska,Nebraska
hit,average,0.43334494585315503,0.43334494585315503,0.3747800156631093,0.19187503848373574,0.2536806046856575,0.19187503848373574,1359,American Psycho,American Psycho
flop,flop,0.37309911470000445,0.35467590368415763,0.37309911470000445,0.27222498161583797,0.42076087311213656,0.37309911470000445,70074,Bullet to the Head,Bullet to the Head
average,hit,0.5065465027429691,0.4155259032700075,0.07792759398702351,0.5065465027429691,0.4250463116953356,0.4155259032700075,18823,Clash of the Titans,Clash of the Titans
hit,flop,0.5604424848499864,0.274667418724515,0.5604424848499864,0.1648900964254985,0.25982059829601273,0.1648900964254985,71688,The Iron Lady,The Iron Lady
hit,hit,0.5525126009232432,0.21847711955973279,0.22901027951702402,0.5525126009232432,0.32247773493043586,0.5525126009232432,16769,Coal Miner's Daughter,Coal Miner's Daughter
hit,hit,0.7947800846341101,0.19296805894782948,0.012251856418060394,0.7947800846341101,0.41355041152068256,0.7947800846341101,271110,Captain America: Civil War,Captain America: Civil War
flop,flop,0.6270742988868547,0.25107288949515194,0.6270742988868547,0.12185281161799341,0.5399776769636581,0.6270742988868547,24746,Six-String Samurai,Six-String Samurai
hit,hit,0.5032651921213883,0.08469170333874318,0.4120431045398685,0.5032651921213883,0.2628087324683959,0.5032651921213883,25209,Annie Get Your Gun,Annie Get Your Gun
average,average,0.8127800910332046,0.8127800910332046,0.028420871735372107,0.15879903723142333,0.44854261387847266,0.8127800910332046,855,Black Hawk Down,Black Hawk Down
average,hit,0.49184380463059635,0.254285859168115,0.2538703362012886,0.49184380463059635,0.2780674913664632,0.254285859168115,641,Requiem for a Dream,Requiem for a Dream
hit,flop,0.4904994034420238,0.41135384648713774,0.4904994034420238,0.09814675007083852,0.28769903081837744,0.09814675007083852,2140,Kiss of the Dragon,Kiss of the Dragon
average,flop,0.4458064972842431,0.20880588951365422,0.4458064972842431,0.3453876132021027,0.2529263852127568,0.20880588951365422,27585,Rabbit Hole,Rabbit Hole
flop,flop,0.5488246821410717,0.3123070974595883,0.5488246821410717,0.13886822039933994,0.4030586705128145,0.5488246821410717,21755,The Brothers Bloom,The Brothers Bloom
hit,average,0.4476610043910621,0.4476610043910621,0.2990493588609626,0.2532896367479752,0.23508571880034018,0.2532896367479752,2142,Cop Land,Cop Land
average,average,0.6591407958261069,0.6591407958261069,0.07861384468573898,0.2622453594881542,0.3673582265894129,0.6591407958261069,4105,Black Rain,Black Rain
hit,average,0.5016117056290099,0.5016117056290099,0.09171982524276272,0.4066684691282273,0.3575501253694358,0.4066684691282273,81188,Rise of the Guardians,Rise of the Guardians
average,average,0.5078692041815206,0.5078692041815206,0.18381604782275332,0.30831474799572606,0.3830996896938347,0.5078692041815206,9297,Monster House,Monster House
hit,average,0.3846289735065622,0.3846289735065622,0.3190916179731657,0.29627940852027207,0.29534344050133726,0.29627940852027207,8836,The X Files: I Want to Believe,The X Files: I Want to Believe
average,hit,0.9558976124026157,0.012751488172148271,0.031350899425235876,0.9558976124026157,0.24797863504994486,0.012751488172148271,28932,F.I.S.T.,F.I.S.T.
average,flop,0.6284305689094325,0.20293500001197312,0.6284305689094325,0.16863443107859433,0.2725986612293904,0.20293500001197312,97430,The Man with the Iron Fists,The Man with the Iron Fists
average,flop,0.4076753841386555,0.36759996858401117,0.4076753841386555,0.22472464727733338,0.34750651308836294,0.36759996858401117,4959,The International,The International
hit,average,0.5364890342998608,0.5364890342998608,0.2449499807372405,0.21856098496289866,0.40729809788256943,0.21856098496289866,1819,"You, Me and Dupree","You, Me and Dupree"
flop,flop,0.6447549783006158,0.27486327925359905,0.6447549783006158,0.0803817424457852,0.3728004230568116,0.6447549783006158,15074,Extreme Ops,Extreme Ops
hit,hit,0.8150513078280704,0.14809695218850466,0.03685173998342502,0.8150513078280704,0.5248185470758953,0.8150513078280704,597,Titanic,Titanic
hit,hit,0.5275252003939287,0.4080895461765693,0.06438525342950197,0.5275252003939287,0.27929692684959045,0.5275252003939287,36586,Blade II,Blade II
hit,hit,0.4369118885882675,0.2583783224500062,0.30470978896172635,0.4369118885882675,0.6406589651327343,0.4369118885882675,11442,Halloween: Resurrection,Halloween: Resurrection
average,average,0.4449075239425013,0.4449075239425013,0.1717810871717047,0.38331138888579397,0.3524666147538297,0.4449075239425013,2157,Lost in Space,Lost in Space
hit,hit,0.3898706077264967,0.3128752615873375,0.29725413068616574,0.3898706077264967,0.38350670627083594,0.3898706077264967,64328,The Muppets,The Muppets
hit,flop,0.47850404481913034,0.23631404525764496,0.47850404481913034,0.2851819099232247,0.35164923671719134,0.2851819099232247,46705,Blue Valentine,Blue Valentine
hit,average,0.4962496521013185,0.4962496521013185,0.21778171169242078,0.2859686362062608,0.19387403041686807,0.2859686362062608,58233,Johnny English Reborn,Johnny English Reborn
hit,hit,0.6138503864991457,0.23953436279711654,0.14661525070373782,0.6138503864991457,0.22195753641738764,0.6138503864991457,11240,My Beautiful Laundrette,My Beautiful Laundrette
hit,flop,0.3898399338149974,0.3065001653585925,0.3898399338149974,0.30365990082641026,0.4771605635655118,0.30365990082641026,37686,Super 8,Super 8
hit,flop,0.4193204895875537,0.2749987313975215,0.4193204895875537,0.3056807790149247,0.40305039562341327,0.3056807790149247,14047,The Great Debaters,The Great Debaters
hit,hit,0.584548470371139,0.3087158889932385,0.10673564063562253,0.584548470371139,0.5061989924675709,0.584548470371139,671,Harry Potter and the Philosopher's Stone,Harry Potter and the Philosopher's Stone
hit,flop,0.5563121171612492,0.13854256823580535,0.5563121171612492,0.3051453146029454,0.3233921287692797,0.3051453146029454,44639,Inside Job,Inside Job
average,hit,0.3948101403021712,0.3463120604084357,0.2588777992893931,0.3948101403021712,0.33156141521650934,0.3463120604084357,11439,The Ghost Writer,The Ghost Writer
average,average,0.39140129870555224,0.39140129870555224,0.24860995368650074,0.3599887476079471,0.3905926598957916,0.39140129870555224,41216,Legend of the Guardians: The Owls of Ga'Hoole,Legend of the Guardians: The Owls of Ga'Hoole
flop,flop,0.5168619668428821,0.283022562442293,0.5168619668428821,0.20011547071482494,0.44095595782353103,0.5168619668428821,12257,Home Fries,Home Fries
hit,average,0.4399507879528718,0.4399507879528718,0.419168900749868,0.1408803112972602,0.30757676973638476,0.1408803112972602,199,Star Trek: First Contact,Star Trek: First Contact
hit,average,0.49980213546090974,0.49980213546090974,0.03832145994759301,0.4618764045914973,0.34045621658304953,0.4618764045914973,2048,"I, Robot","I, Robot"
hit,flop,0.35343075420649944,0.34519002006517996,0.35343075420649944,0.3013792257283206,0.37436761188723605,0.3013792257283206,328425,The Gift,The Gift
flop,average,0.4343580737380941,0.4343580737380941,0.20251879390537816,0.36312313235652777,0.29587838130690136,0.20251879390537816,10199,The Tale of Despereaux,The Tale of Despereaux
hit,average,0.38541755232098757,0.38541755232098757,0.2521653955008006,0.36241705217821185,0.3103728200140606,0.36241705217821185,8916,Antz,Antz
hit,hit,0.5027887468179489,0.131584923072586,0.36562633010946505,0.5027887468179489,0.6916532558227901,0.5027887468179489,4251,Veer-Zaara,Veer-Zaara
flop,flop,0.5196719778412753,0.24435730692531596,0.5196719778412753,0.23597071523340873,0.3459020022517332,0.5196719778412753,27004,Ca$h,Ca$h
hit,hit,0.7097792217630279,0.058809926871253755,0.23141085136571843,0.7097792217630279,0.3362657141810531,0.7097792217630279,27191,The Greatest Show on Earth,The Greatest Show on Earth
average,average,0.40416161317031507,0.40416161317031507,0.247371704482812,0.348466682346873,0.34209065379245324,0.40416161317031507,309809,The Little Prince,The Little Prince
flop,flop,0.44554354945370866,0.37932127003846805,0.44554354945370866,0.17513518050782323,0.39058797853816907,0.44554354945370866,77948,The Cold Light of Day,The Cold Light of Day
flop,flop,0.4552206356290267,0.23415639290794837,0.4552206356290267,0.310622971463025,0.2962380431199437,0.4552206356290267,88005,Seeking a Friend for the End of the World,Seeking a Friend for the End of the World
flop,hit,0.35925115990683204,0.3002987705097629,0.34045006958340507,0.35925115990683204,0.3988985074657334,0.34045006958340507,8952,I Love You Phillip Morris,I Love You Phillip Morris
hit,hit,0.9143643035819022,0.038967056097807304,0.046668640320290396,0.9143643035819022,0.32495646808970907,0.9143643035819022,10895,Pinocchio,Pinocchio
flop,average,0.5396969215561919,0.5396969215561919,0.25552930497866133,0.20477377346514689,0.20706652548125232,0.25552930497866133,11260,Meet Dave,Meet Dave
hit,hit,0.5389375840127618,0.20388633923930016,0.257176076747938,0.5389375840127618,0.36208024809465716,0.5389375840127618,205220,Philomena,Philomena
hit,hit,0.9260716112971805,0.040169596041779054,0.03375879266104045,0.9260716112971805,0.5583135032947412,0.9260716112971805,948,Halloween,Halloween
flop,average,0.5285922002574834,0.5285922002574834,0.37539936222800957,0.09600843751450698,0.4073401823856868,0.37539936222800957,9923,Domino,Domino
flop,hit,0.46446096823221816,0.2919075725628405,0.24363145920494128,0.46446096823221816,0.36171206410067525,0.24363145920494128,306745,Freeheld,Freeheld
average,hit,0.3620386405395302,0.3079558274157487,0.3300055320447211,0.3620386405395302,0.2585689724316775,0.3079558274157487,48231,A Dangerous Method,A Dangerous Method
average,average,0.3781532315820034,0.3781532315820034,0.3237692702905886,0.2980774981274081,0.3565312961866336,0.3781532315820034,39514,RED,RED
flop,flop,0.6061115498031877,0.22013858019691895,0.6061115498031877,0.17374986999989334,0.47470557606222347,0.6061115498031877,46849,Eye of the Dolphin,Eye of the Dolphin
average,hit,0.4362985025530336,0.4273158302474934,0.13638566719947298,0.4362985025530336,0.3520983102202639,0.4273158302474934,72197,The Pirates! In an Adventure with Scientists!,The Pirates! In an Adventure with Scientists!
hit,hit,0.5540450935801836,0.35573462287812596,0.09022028354169047,0.5540450935801836,0.4870394943495515,0.5540450935801836,1930,The Amazing Spider-Man,The Amazing Spider-Man
flop,flop,0.5646887356024509,0.27751690722499234,0.5646887356024509,0.1577943571725568,0.3676015931312053,0.5646887356024509,13991,College,College
hit,flop,0.7035720010610385,0.2380208493623117,0.7035720010610385,0.05840714957664989,0.2474616939457657,0.05840714957664989,13972,The Women,The Women
hit,average,0.4419870240414739,0.4419870240414739,0.34625354407442616,0.2117594318840999,0.3434808435903101,0.2117594318840999,42684,Skyline,Skyline
hit,hit,0.6272245273139347,0.35257483771177217,0.02020063497429311,0.6272245273139347,0.2832467860034566,0.6272245273139347,99861,Avengers: Age of Ultron,Avengers: Age of Ultron
average,hit,0.5965556707660332,0.24263071194853553,0.16081361728543134,0.5965556707660332,0.20223298218137198,0.24263071194853553,16353,Ong Bak 2,Ong Bak 2
hit,flop,0.40524588347935064,0.29648763485987273,0.40524588347935064,0.29826648166077674,0.27299197079474297,0.29826648166077674,157386,The Spectacular Now,The Spectacular Now
hit,flop,0.5214601917410082,0.2665526267902615,0.5214601917410082,0.2119871814687303,0.39945717502763,0.2119871814687303,943,Lethal Weapon 3,Lethal Weapon 3
average,flop,0.6339624403837788,0.2558000670960472,0.6339624403837788,0.11023749252017391,0.2639356875671992,0.2558000670960472,11022,Narc,Narc
hit,hit,0.5078278247066965,0.20974126536138252,0.2824309099319209,0.5078278247066965,0.6415838050465764,0.5078278247066965,22894,Legion,Legion
flop,flop,0.5434307078500775,0.28568337337782274,0.5434307078500775,0.17088591877209972,0.40461530985519756,0.5434307078500775,20697,Ready to Rumble,Ready to Rumble
flop,average,0.48468093051119526,0.48468093051119526,0.36427694247000675,0.15104212701879793,0.2714022451705474,0.36427694247000675,1997,Two Brothers,Deux frères
hit,average,0.44427254616593703,0.44427254616593703,0.24847622140484582,0.3072512324292171,0.35004824187572264,0.3072512324292171,140823,Saving Mr. Banks,Saving Mr. Banks
average,flop,0.44088267808468373,0.3335534053878416,0.44088267808468373,0.22556391652747476,0.3390281624110253,0.3335534053878416,12569,Extract,Extract
average,average,0.3430759273275016,0.3430759273275016,0.3354453847077044,0.32147868796479395,0.24141202058120617,0.3430759273275016,10364,Catch-22,Catch-22
hit,flop,0.4080019310222602,0.24691646206321527,0.4080019310222602,0.3450816069145245,0.4253106765684791,0.3450816069145245,1637,Speed,Speed
average,average,0.4760986818347672,0.4760986818347672,0.24126449757267038,0.2826368205925623,0.36733025719901286,0.4760986818347672,10368,Tea with Mussolini,Tea with Mussolini
hit,hit,0.41544186099015673,0.3626565131218398,0.22190162588800338,0.41544186099015673,0.40709067003342664,0.41544186099015673,8645,The Happening,The Happening
hit,flop,0.4834837060601489,0.27142986823658116,0.4834837060601489,0.24508642570326994,0.2651448717031833,0.24508642570326994,24266,The Man from Snowy River,The Man from Snowy River
flop,hit,0.4058960902216382,0.2495872314402737,0.344516678338088,0.4058960902216382,0.23065876009759984,0.344516678338088,26428,Agora,Agora
hit,hit,0.6664534073493398,0.17886615230084038,0.15468044034981984,0.6664534073493398,0.4277375122907338,0.6664534073493398,380,Rain Man,Rain Man
hit,flop,0.5326555876458545,0.3551576230363347,0.5326555876458545,0.11218678931781076,0.14614361711154034,0.11218678931781076,9759,Cellular,Cellular
flop,average,0.42525364124320264,0.42525364124320264,0.372734975357948,0.2020113833988494,0.2882461180944805,0.372734975357948,5955,The Pledge,The Pledge
flop,average,0.47742280463028014,0.47742280463028014,0.3602681296159215,0.16230906575379836,0.29859234382164573,0.3602681296159215,3489,88 Minutes,88 Minutes
flop,flop,0.5235512821816298,0.34328036573344456,0.5235512821816298,0.13316835208492547,0.40603904030697086,0.5235512821816298,18947,The Boat That Rocked,The Boat That Rocked
flop,flop,0.6153971357262065,0.2767924358475069,0.6153971357262065,0.10781042842628663,0.3534640561348674,0.6153971357262065,47502,Faithful,Faithful
hit,hit,0.6721722311230197,0.184288041323216,0.1435397275537643,0.6721722311230197,0.5700173682235488,0.6721722311230197,11336,The Dead Zone,The Dead Zone
flop,average,0.49053570704420324,0.49053570704420324,0.4014691508539099,0.10799514210188689,0.2967671690918083,0.4014691508539099,13536,City By The Sea,City By The Sea
average,average,0.3948094950660472,0.3948094950660472,0.3043155544409227,0.30087495049303015,0.3178467371767087,0.3948094950660472,11451,Herbie Fully Loaded,Herbie Fully Loaded
flop,average,0.4594569647945092,0.4594569647945092,0.32750480160641154,0.21303823359907922,0.41891307773224706,0.32750480160641154,5550,RoboCop 3,RoboCop 3
hit,flop,0.3491276495613515,0.31574479818690115,0.3491276495613515,0.3351275522517473,0.3024248910378796,0.3351275522517473,9281,Witness,Witness
hit,hit,0.4913835767848005,0.2654368694673244,0.24317955374787517,0.4913835767848005,0.35922738718897385,0.4913835767848005,16323,The Rose,The Rose
hit,hit,0.4542959603981407,0.16179404331112898,0.3839099962907303,0.4542959603981407,0.2374211841145929,0.4542959603981407,14560,Paul Blart: Mall Cop,Paul Blart: Mall Cop
flop,flop,0.5666165040310873,0.24283254655670783,0.5666165040310873,0.19055094941220482,0.43522774374552387,0.5666165040310873,11258,Hard Rain,Hard Rain
hit,hit,0.5328164063244518,0.29678205730048735,0.1704015363750608,0.5328164063244518,0.3587392085778209,0.5328164063244518,639,When Harry Met Sally...,When Harry Met Sally...
flop,flop,0.6149118062962504,0.2062141059573726,0.6149118062962504,0.178874087746377,0.32252181196693785,0.6149118062962504,152599,The Immigrant,The Immigrant
average,hit,0.3699137402792072,0.2741213978534022,0.35596486186739046,0.3699137402792072,0.29645063482865874,0.2741213978534022,11323,The Informant!,The Informant!
hit,flop,0.5178417228942851,0.3654436317513544,0.5178417228942851,0.11671464535436057,0.24594472385741917,0.11671464535436057,8346,My Big Fat Greek Wedding,My Big Fat Greek Wedding
average,hit,0.4815664264587351,0.20505601016569186,0.313377563375573,0.4815664264587351,0.2601680428631014,0.20505601016569186,321741,Concussion,Concussion
average,flop,0.46609024805912297,0.27574612163588863,0.46609024805912297,0.2581636303049884,0.3362747155769312,0.27574612163588863,51588,Prom,Prom
average,flop,0.58038831800038,0.30629109114185366,0.58038831800038,0.11332059085776644,0.3849059519096773,0.30629109114185366,11412,The Long Kiss Goodnight,The Long Kiss Goodnight
hit,hit,0.620656469074941,0.30713180303151777,0.07221172789354123,0.620656469074941,0.3642386731711405,0.620656469074941,13223,Gran Torino,Gran Torino
hit,hit,0.5477777788301889,0.3479616366514661,0.10426058451834505,0.5477777788301889,0.5558958631132085,0.5477777788301889,58,Pirates of the Caribbean: Dead Man's Chest,Pirates of the Caribbean: Dead Man's Chest
hit,hit,0.44363497170801824,0.3368484234489022,0.21951660484307967,0.44363497170801824,0.3423505011700968,0.44363497170801824,7326,Juno,Juno
hit,flop,0.5253051470742488,0.1886201904014297,0.5253051470742488,0.28607466252432157,0.2519023900662993,0.28607466252432157,167073,Brooklyn,Brooklyn
flop,average,0.565730602215283,0.565730602215283,0.09109068309962635,0.34317871468509054,0.515873788894296,0.09109068309962635,3683,Flags of Our Fathers,Flags of Our Fathers
flop,flop,0.4292061298573125,0.39784235870187074,0.4292061298573125,0.1729515114408169,0.48081331684528034,0.4292061298573125,126319,Ernest & Celestine,Ernest et Célestine
hit,flop,0.5599451391901822,0.17057981255743548,0.5599451391901822,0.26947504825238233,0.25871640478626035,0.26947504825238233,21334,Children of Heaven,بچه‌های آسمان
flop,flop,0.5524892767729322,0.26688355971351396,0.5524892767729322,0.18062716351355387,0.3405987965666811,0.5524892767729322,7874,Black Snake Moan,Black Snake Moan
average,hit,0.6913832752755399,0.18207012186043495,0.12654660286402514,0.6913832752755399,0.30696860659649,0.18207012186043495,1389,Out of Sight,Out of Sight
hit,average,0.44984389028266797,0.44984389028266797,0.13491727240764412,0.4152388373096879,0.34743022371849774,0.4152388373096879,184315,Hercules,Hercules
flop,hit,0.550223275957331,0.3737602138226958,0.0760165102199733,0.550223275957331,0.20178744086808365,0.0760165102199733,8197,Midnight in the Garden of Good and Evil,Midnight in the Garden of Good and Evil
flop,hit,0.39205322625969,0.28936373134708315,0.3185830423932269,0.39205322625969,0.41378966227145253,0.3185830423932269,72358,A Thousand Words,A Thousand Words
average,flop,0.7133141050645275,0.2202147595556574,0.7133141050645275,0.06647113537981504,0.2829713973996583,0.2202147595556574,8975,The Marine,The Marine
average,hit,0.7016816134320416,0.2706730485368136,0.027645338031144807,0.7016816134320416,0.36877877951420207,0.2706730485368136,1452,Superman Returns,Superman Returns
flop,average,0.540293407875967,0.540293407875967,0.30724306089886727,0.15246353122516568,0.2992201187833907,0.30724306089886727,16643,Life or Something Like It,Life or Something Like It
hit,hit,0.9893518435652836,0.0036609105904546863,0.006987245844261753,0.9893518435652836,0.35353628927472147,0.9893518435652836,3083,Mr. Smith Goes to Washington,Mr. Smith Goes to Washington
hit,flop,0.38061072957849484,0.347831646785821,0.38061072957849484,0.2715576236356841,0.35192471752246957,0.2715576236356841,2288,Closer,Closer
hit,average,0.43012973909936325,0.43012973909936325,0.21079030171720647,0.3590799591834302,0.26889833004893865,0.3590799591834302,156022,The Equalizer,The Equalizer
average,average,0.34632682726990327,0.34632682726990327,0.3367540755106173,0.3169190972194794,0.32153621828242684,0.34632682726990327,37821,Killers,Killers
hit,average,0.38461737774898447,0.38461737774898447,0.37933820260318385,0.23604441964783174,0.40316247000339783,0.23604441964783174,9268,Eraser,Eraser
hit,flop,0.6212631023575071,0.23676171312065303,0.6212631023575071,0.14197518452183977,0.2684346090412923,0.14197518452183977,11249,Seed of Chucky,Seed of Chucky
hit,hit,0.606938201436779,0.23221370590521279,0.16084809265800815,0.606938201436779,0.12618958461494356,0.606938201436779,3062,42nd Street,42nd Street
hit,hit,0.5436902721125755,0.3678284774774322,0.0884812504099924,0.5436902721125755,0.3099300743381589,0.5436902721125755,127585,X-Men: Days of Future Past,X-Men: Days of Future Past
hit,flop,0.5430105045791414,0.3369130958256767,0.5430105045791414,0.12007639959518186,0.2812897836687479,0.12007639959518186,6961,The Wedding Date,The Wedding Date
average,flop,0.4147622417465855,0.36972580545754097,0.4147622417465855,0.2155119527958735,0.29020236539308714,0.36972580545754097,15028,Clockstoppers,Clockstoppers
flop,flop,0.438233373854377,0.3574981622684153,0.438233373854377,0.20426846387720762,0.383000569997763,0.438233373854377,13523,Sex Drive,Sex Drive
hit,hit,0.7319785941387928,0.219444055675306,0.0485773501859012,0.7319785941387928,0.357205911158971,0.7319785941387928,59108,Tower Heist,Tower Heist
hit,flop,0.658532422626367,0.21612636380846964,0.658532422626367,0.1253412135651632,0.1967423162474874,0.1253412135651632,121826,Quartet,Quartet
hit,hit,0.6372643615230134,0.2959064320627246,0.06682920641426204,0.6372643615230134,0.4678118012778772,0.6372643615230134,1979,Fantastic 4: Rise of the Silver Surfer,4: Rise of the Silver Surfer
hit,hit,0.37987714210836615,0.24113667448437456,0.3789861834072592,0.37987714210836615,0.38059587326484906,0.37987714210836615,9443,Chariots of Fire,Chariots of Fire
hit,hit,0.6121317889795205,0.1939240308545607,0.19394418016591883,0.6121317889795205,0.6026231435058244,0.6121317889795205,329440,The Forest,The Forest
flop,flop,0.650382628667441,0.1548269596101279,0.650382628667441,0.1947904117224311,0.2687552007870938,0.650382628667441,61984,Space Battleship Yamato,Space Battleship Yamato
hit,average,0.459570220885386,0.459570220885386,0.39573694754269434,0.14469283157191962,0.20997610217264678,0.14469283157191962,76726,Chronicle,Chronicle
hit,hit,0.54955855810739,0.35324775336478237,0.09719368852782775,0.54955855810739,0.309436777742602,0.54955855810739,1726,Iron Man,Iron Man
flop,flop,0.5955162237385737,0.15655442351648655,0.5955162237385737,0.24792935274493969,0.3372447316308526,0.5955162237385737,33196,Tidal Wave,해운대
hit,hit,0.5307504368273184,0.30428531174925455,0.16496425142342705,0.5307504368273184,0.37407278282464385,0.5307504368273184,5722,Beyond the Valley of the Dolls,Beyond the Valley of the Dolls
hit,hit,0.7849949461222614,0.1333974303625102,0.08160762351522843,0.7849949461222614,0.5594573175254448,0.7849949461222614,9730,Friday the 13th: The Final Chapter,Friday the 13th: The Final Chapter
hit,average,0.4450440795467297,0.4450440795467297,0.16237336418601045,0.3925825562672599,0.4080835477632255,0.3925825562672599,819,Sleepers,Sleepers
flop,flop,0.49530433326727724,0.31870285223560335,0.49530433326727724,0.18599281449711932,0.42128441257318056,0.49530433326727724,56601,The Perfect Game,The Perfect Game
hit,hit,0.4378511004336351,0.41131901824973194,0.15082988131663302,0.4378511004336351,0.35119141599514503,0.4378511004336351,7350,The Bucket List,The Bucket List
flop,flop,0.42664908204696583,0.371996284689578,0.42664908204696583,0.20135463326345612,0.349027439035337,0.42664908204696583,7299,Equilibrium,Equilibrium
hit,flop,0.7038981797336397,0.14948496406642853,0.7038981797336397,0.14661685619993184,0.200852947327758,0.14661685619993184,73981,Ayurveda: Art of Being,Ayurveda: Art of Being
average,hit,0.5344576898221658,0.35267723098830595,0.11286507918952825,0.5344576898221658,0.3287021955053397,0.35267723098830595,8619,Master and Commander: The Far Side of the World,Master and Commander: The Far Side of the World
hit,hit,0.4875135414605936,0.3146962408686452,0.1977902176707613,0.4875135414605936,0.2949420256309665,0.4875135414605936,1369,Rambo: First Blood Part II,Rambo: First Blood Part II
hit,average,0.49561127750562867,0.49561127750562867,0.0568577044142298,0.4475310180801416,0.3144796762011968,0.4475310180801416,122917,The Hobbit: The Battle of the Five Armies,The Hobbit: The Battle of the Five Armies
hit,flop,0.5902815346730571,0.18539309806707363,0.5902815346730571,0.22432536725986923,0.20606350848148036,0.22432536725986923,1817,Phone Booth,Phone Booth
hit,hit,0.4424886617018736,0.2479620837087727,0.30954925458935356,0.4424886617018736,0.5589266816441736,0.4424886617018736,9357,One Hour Photo,One Hour Photo
hit,flop,0.44849541484982053,0.2001184500690003,0.44849541484982053,0.3513861350811791,0.40839348098609,0.3513861350811791,103731,Mud,Mud
flop,average,0.38120306963212597,0.38120306963212597,0.2952887162380131,0.32350821412986086,0.31368851005380033,0.2952887162380131,97614,Deadfall,Deadfall
hit,hit,0.919517049660875,0.023185461331858663,0.05729748900726635,0.919517049660875,0.5434602005386729,0.919517049660875,770,Gone with the Wind,Gone with the Wind
hit,flop,0.610373119250321,0.12538353087357826,0.610373119250321,0.26424334987610076,0.39258415147889314,0.26424334987610076,10643,Godzilla 2000,Gojira ni-sen mireniamu
hit,flop,0.6228901713922846,0.255775629722718,0.6228901713922846,0.1213341988849974,0.3115611384168268,0.1213341988849974,8456,Never Back Down,Never Back Down
hit,flop,0.5269567544625339,0.2757641742381838,0.5269567544625339,0.19727907129928232,0.2343892870312133,0.19727907129928232,109513,Hit & Run,Hit & Run
hit,average,0.47600484777804003,0.47600484777804003,0.06676974676495127,0.4572254054570086,0.4042263593583997,0.4572254054570086,693,Meet the Fockers,Meet the Fockers
hit,hit,0.5297744086955678,0.2738900293738037,0.19633556193062843,0.5297744086955678,0.3869111293259069,0.5297744086955678,20943,The Ugly Truth,The Ugly Truth
hit,average,0.39203966867172496,0.39203966867172496,0.21784767669945473,0.3901126546288204,0.2718700043599682,0.3901126546288204,137,Groundhog Day,Groundhog Day
flop,hit,0.5119323456554842,0.24031672104963886,0.24775093329487696,0.5119323456554842,0.3961058491821376,0.24775093329487696,27549,Beastmaster 2: Through the Portal of Time,Beastmaster 2: Through the Portal of Time
flop,average,0.3927777664041527,0.3927777664041527,0.33600659398726734,0.27121563960858,0.37492463857311703,0.33600659398726734,9425,Soldier,Soldier
hit,flop,0.6563335088865826,0.20707481272436337,0.6563335088865826,0.136591678389054,0.31272238946027936,0.136591678389054,12837,The Secret Life of Bees,The Secret Life of Bees
hit,flop,0.4316499809713918,0.41429005524442486,0.4316499809713918,0.1540599637841833,0.23446049805439123,0.1540599637841833,11283,Nanny McPhee,Nanny McPhee
hit,hit,0.6375008648507228,0.13138301836865668,0.23111611678062063,0.6375008648507228,0.43869867644834165,0.6375008648507228,32275,Duel in the Sun,Duel in the Sun
average,flop,0.37646196346662114,0.3632865939221243,0.37646196346662114,0.2602514426112545,0.32533555463980535,0.3632865939221243,68727,Trance,Trance
hit,hit,0.8282167493066409,0.16080738204232903,0.01097586865102999,0.8282167493066409,0.3909450333114908,0.8282167493066409,840,Close Encounters of the Third Kind,Close Encounters of the Third Kind
hit,hit,0.6134880319373293,0.1668973659398434,0.21961460212282738,0.6134880319373293,0.5278859581567199,0.6134880319373293,22013,Elmer Gantry,Elmer Gantry
hit,hit,0.65202306484215,0.27662375586221555,0.0713531792956345,0.65202306484215,0.253578998754201,0.65202306484215,752,V for Vendetta,V for Vendetta
flop,flop,0.4732077947653384,0.3470219635839879,0.4732077947653384,0.17977024165067365,0.35897496500407494,0.4732077947653384,16172,Simply Irresistible,Simply Irresistible
flop,flop,0.6500341041176154,0.17473054757515255,0.6500341041176154,0.17523534830723206,0.35874604071188715,0.6500341041176154,9787,Lords of Dogtown,Lords of Dogtown
hit,flop,0.4306429117689541,0.3055419321103809,0.4306429117689541,0.2638151561206651,0.3180701816024864,0.2638151561206651,9490,Half Baked,Half Baked
flop,hit,0.5047007261793707,0.429157805785166,0.06614146803546324,0.5047007261793707,0.047911727382214095,0.06614146803546324,57201,The Lone Ranger,The Lone Ranger
hit,flop,0.4920094223857809,0.23124754245774373,0.4920094223857809,0.27674303515647547,0.29812593791419034,0.27674303515647547,26352,A Low Down Dirty Shame,A Low Down Dirty Shame
hit,hit,0.48744794925489915,0.4446552723463612,0.06789677839873964,0.48744794925489915,0.36902250604207887,0.48744794925489915,1895,Star Wars: Episode III - Revenge of the Sith,Star Wars: Episode III - Revenge of the Sith
hit,average,0.5513221810119658,0.5513221810119658,0.27890062604596333,0.16977719294207086,0.24577131286302525,0.16977719294207086,3536,U-571,U-571
flop,flop,0.5253324400825268,0.39610256458494236,0.5253324400825268,0.07856499533253096,0.42987482590093684,0.5253324400825268,13405,The Children of Huang Shi,黃石的孩子
average,flop,0.544557673443134,0.2817220616933394,0.544557673443134,0.17372026486352662,0.3126209646622408,0.2817220616933394,9823,Mortal Kombat: Annihilation,Mortal Kombat: Annihilation
average,flop,0.5035464378618604,0.3892991986999083,0.5035464378618604,0.10715436343823144,0.4252804327737776,0.3892991986999083,123553,The Mortal Instruments: City of Bones,The Mortal Instruments: City of Bones
hit,hit,0.38597316611911286,0.34955401762617694,0.2644728162547102,0.38597316611911286,0.35820802799416673,0.38597316611911286,152601,Her,Her
hit,hit,0.8348784814842091,0.07014432523032536,0.09497719328546567,0.8348784814842091,0.2607508903080765,0.8348784814842091,43595,She Done Him Wrong,She Done Him Wrong
flop,hit,0.41849275636167665,0.39924010838345947,0.18226713525486377,0.41849275636167665,0.30319308622276153,0.18226713525486377,9801,Bridget Jones: The Edge of Reason,Bridget Jones: The Edge of Reason
hit,hit,0.689294153753793,0.0783849929295454,0.23232085331666164,0.689294153753793,0.4727751168327425,0.689294153753793,1892,Return of the Jedi,Return of the Jedi
hit,average,0.5112262274404533,0.5112262274404533,0.21288241614368264,0.27589135641586404,0.41629445176457097,0.27589135641586404,10201,Yes Man,Yes Man
hit,flop,0.6718236287483292,0.22607799417298585,0.6718236287483292,0.10209837707868477,0.3321892226810755,0.10209837707868477,302,Swimming Pool,Swimming Pool
flop,average,0.4784005007673887,0.4784005007673887,0.2402021826453989,0.28139731658721234,0.13992675548898612,0.2402021826453989,2539,Spanglish,Spanglish
hit,flop,0.45348100484077825,0.3614182542150275,0.45348100484077825,0.18510074094419413,0.28717383504454513,0.18510074094419413,17880,Because of Winn-Dixie,Because of Winn-Dixie
hit,average,0.46101231530663433,0.46101231530663433,0.25693042526084864,0.28205725943251714,0.2836982349134851,0.28205725943251714,8470,John Q,John Q
average,hit,0.5768524961858782,0.2238297909435418,0.19931771287058,0.5768524961858782,0.2208693892139682,0.2238297909435418,1578,Raging Bull,Raging Bull
hit,flop,0.38423918240764426,0.27690415939399826,0.38423918240764426,0.3388566581983576,0.377168296218144,0.3388566581983576,42618,Sweet Charity,Sweet Charity
hit,hit,0.445024340325445,0.24791222171009844,0.3070634379644565,0.445024340325445,0.3056661059161433,0.445024340325445,1687,Escape from the Planet of the Apes,Escape from the Planet of the Apes
hit,average,0.40851940519682534,0.40851940519682534,0.34878488945148456,0.24269570535169002,0.3042205281859995,0.24269570535169002,19908,Zombieland,Zombieland
hit,hit,0.9014435429114911,0.059412861094910605,0.039143595993598394,0.9014435429114911,0.590307540961152,0.9014435429114911,10331,Night of the Living Dead,Night of the Living Dead
hit,hit,0.5293063273987415,0.3172502070327701,0.15344346556848837,0.5293063273987415,0.3830008392170583,0.5293063273987415,772,Home Alone 2: Lost in New York,Home Alone 2: Lost in New York
hit,flop,0.5583639586545268,0.2968038183955555,0.5583639586545268,0.14483222294991763,0.2840773784830726,0.14483222294991763,10147,Bad Santa,Bad Santa
flop,average,0.3429167387558808,0.3429167387558808,0.3359569844048168,0.32112627683930234,0.42052243520002425,0.3359569844048168,68722,The Master,The Master
hit,hit,0.5835487087560707,0.28453093335472596,0.1319203578892034,0.5835487087560707,0.4444574817523648,0.5835487087560707,18900,In Cold Blood,In Cold Blood
hit,average,0.39822915599576336,0.39822915599576336,0.2138021348978146,0.38796870910642195,0.1644549709429993,0.38796870910642195,287948,The Transporter Refueled,The Transporter Refueled
hit,average,0.5095566266580642,0.5095566266580642,0.2575980299523415,0.2328453433895942,0.27237075462192883,0.2328453433895942,10555,Shark Tale,Shark Tale
hit,flop,0.42674543352950794,0.3602740296678352,0.42674543352950794,0.21298053680265677,0.3328955791056395,0.21298053680265677,8984,Disclosure,Disclosure
average,flop,0.5796295086495148,0.3012953505036219,0.5796295086495148,0.11907514084686334,0.3990560769871435,0.3012953505036219,14191,Aquamarine,Aquamarine
hit,hit,0.4506818521699647,0.2338197959798076,0.31549835185022773,0.4506818521699647,0.5152611634947889,0.4506818521699647,12429,Ponyo,崖の上のポニョ
hit,hit,0.4048944115363095,0.24565439903374575,0.3494511894299447,0.4048944115363095,0.5127810960892414,0.4048944115363095,321258,The Boy,The Boy
average,flop,0.530278025040881,0.3488658822566149,0.530278025040881,0.1208560927025041,0.3379904901564328,0.3488658822566149,62206,30 Minutes or Less,30 Minutes or Less
flop,hit,0.6311969834008623,0.2974485308378453,0.07135448576129255,0.6311969834008623,0.3995092981637947,0.07135448576129255,62214,Frankenweenie,Frankenweenie
hit,hit,0.44409787826378616,0.3909785804135663,0.16492354132264764,0.44409787826378616,0.2995516543514927,0.44409787826378616,109451,Cloudy with a Chance of Meatballs 2,Cloudy with a Chance of Meatballs 2
average,flop,0.6091225060112738,0.21931220845511443,0.6091225060112738,0.17156528553361172,0.29305490211361246,0.21931220845511443,7305,Alive,Alive
hit,flop,0.41347180520405935,0.2820663806294865,0.41347180520405935,0.30446181416645424,0.3552047825858188,0.30446181416645424,97367,The Place Beyond the Pines,The Place Beyond the Pines
average,hit,0.4602701060714493,0.38632271249669414,0.15340718143185644,0.4602701060714493,0.3735828581024442,0.38632271249669414,253235,And So It Goes,And So It Goes
hit,flop,0.5695143731148193,0.26201793501488335,0.5695143731148193,0.1684676918702973,0.24070685610637024,0.1684676918702973,62837,Dolphin Tale,Dolphin Tale
hit,average,0.4359050530080496,0.4359050530080496,0.13415593524536798,0.42993901174658233,0.3674343793736994,0.42993901174658233,6947,The Village,The Village
flop,flop,0.7271031125852001,0.14675279626071458,0.7271031125852001,0.12614409115408534,0.5554633146346322,0.7271031125852001,89750,"Pink Ribbons, Inc.","Pink Ribbons, Inc."
hit,average,0.42624377952548853,0.42624377952548853,0.2301707059649702,0.34358551450954117,0.25026990201788163,0.34358551450954117,59962,This Means War,This Means War
average,flop,0.5245221147988406,0.2901984078258732,0.5245221147988406,0.18527947737528624,0.3179747819052333,0.2901984078258732,342521,Keanu,Keanu
hit,hit,0.429991660647238,0.34558126506325193,0.2244270742895101,0.429991660647238,0.32060828334099106,0.429991660647238,1924,Superman,Superman
