y_true,y_pred_baseline,y_pred_credits,base_p_average,base_p_flop,base_p_hit,p_average,p_flop,p_hit,base_confidence,confidence,p_true_baseline,p_true_credits,delta_p_true,baseline_correct,credits_correct,transition,id,title,original_title,main_genre,budget,runtime,production_scale,talent_score,cast_size,crew_size,known_actor_count,possible_franchise_flag,director_name,runtime_bucket,budget_bucket
hit,flop,flop,0.31858853286292466,0.42798752633678117,0.25342394080029423,0.30449180588669417,0.49049983651742307,0.20500835759588287,0.42798752633678117,0.49049983651742307,0.25342394080029423,0.20500835759588287,-0.04841558320441136,0,0,stable_wrong,45612,Source Code,Source Code,Thriller,32000000,93.0,indie,0.03043478260869565,24,20,0,0,Duncan Jones,medium,budget_mid
hit,average,average,0.4170190970132327,0.2945266843185366,0.28845421866823057,0.5024876916326695,0.3371835387455682,0.16032876962176226,0.4170190970132327,0.5024876916326695,0.28845421866823057,0.16032876962176226,-0.1281254490464683,0,0,stable_wrong,1574,Chicago,Chicago,Action,45000000,113.0,mid_scale,0.18944099378881984,20,13,2,0,Rob Marshall,medium,budget_high
hit,hit,hit,0.3959014356528171,0.1296059297384096,0.47449263460877333,0.12071695650376597,0.009056442723425547,0.8702266007728086,0.47449263460877333,0.8702266007728086,0.47449263460877333,0.8702266007728086,0.3957339661640352,1,1,stable_correct,272,Batman Begins,Batman Begins,Action,150000000,140.0,large_scale,0.4127329192546583,113,137,5,1,Christopher Nolan,long,budget_high
flop,average,average,0.40116970268649704,0.27368249869895667,0.32514779861454624,0.3742551182875099,0.31636232830784977,0.3093825534046403,0.40116970268649704,0.3742551182875099,0.27368249869895667,0.31636232830784977,0.042679829608893105,0,0,stable_wrong,11619,Flushed Away,Flushed Away,Adventure,149000000,85.0,indie,0.10993788819875774,15,34,1,0,David Bowers,short,budget_high
flop,hit,hit,0.27588419113713675,0.23047245982919937,0.49364334903366386,0.20488789859470166,0.11151954908357908,0.6835925523217192,0.49364334903366386,0.6835925523217192,0.23047245982919937,0.11151954908357908,-0.11895291074562028,0,0,stable_wrong,11015,The Relic,The Relic,Horror,60000000,110.0,large_scale,0.0608695652173913,27,87,0,0,Peter Hyams,medium,budget_high
hit,hit,hit,0.3777356708180054,0.1804189922125634,0.4418453369694313,0.33845493955115485,0.3087263363174525,0.35281872413139265,0.4418453369694313,0.35281872413139265,0.4418453369694313,0.35281872413139265,-0.08902661283803864,1,1,stable_correct,2898,As Good as It Gets,As Good as It Gets,Comedy,50000000,139.0,indie,0.015217391304347825,56,35,0,0,James L. Brooks,long,budget_high
flop,flop,flop,0.23980769579874536,0.5417227911512097,0.21846951305004492,0.12091280472380571,0.8178703442833928,0.06121685099280159,0.5417227911512097,0.8178703442833928,0.5417227911512097,0.8178703442833928,0.2761475531321831,1,1,stable_correct,230266,Miss Julie,Miss Julie,Drama,5500000,120.0,indie,0.0,4,10,0,0,Liv Ullmann,medium,budget_low
flop,flop,average,0.4532879199342659,0.4549680490430721,0.09174403102266196,0.5178688654949025,0.2949236663090555,0.1872074681960421,0.4549680490430721,0.5178688654949025,0.4549680490430721,0.2949236663090555,-0.1600443827340166,1,0,correct_to_wrong,11661,Joyeux Noël,Joyeux Noël,Romance,22000000,116.0,large_scale,0.0,15,57,0,0,Christian Carion,medium,budget_mid
average,flop,flop,0.23768770322251717,0.4399059948777412,0.3224063018997416,0.20790150125163545,0.6215807996012721,0.1705176991470925,0.4399059948777412,0.6215807996012721,0.23768770322251717,0.20790150125163545,-0.02978620197088172,0,0,stable_wrong,10647,Pay It Forward,Pay It Forward,Drama,40000000,122.0,indie,0.015217391304347825,16,6,0,0,Mimi Leder,long,budget_mid
hit,hit,hit,0.33447978499105396,0.3145640297850188,0.35095618522392724,0.28732943312757786,0.3197251704891516,0.3929453963832705,0.35095618522392724,0.3929453963832705,0.35095618522392724,0.3929453963832705,0.04198921115934323,1,1,stable_correct,16996,17 Again,17 Again,Comedy,20000000,102.0,indie,0.04565217391304347,49,54,0,0,Burr Steers,medium,budget_mid
hit,flop,hit,0.271606444743619,0.48183539751232346,0.24655815774405754,0.306957874641,0.18005843478440028,0.5129836905745997,0.48183539751232346,0.5129836905745997,0.24655815774405754,0.5129836905745997,0.26642553283054216,0,1,wrong_to_correct,658,Goldfinger,Goldfinger,Adventure,2500000,110.0,mid_scale,0.10993788819875774,27,13,1,0,Guy Hamilton,medium,budget_low
hit,average,average,0.43052269753997674,0.2494041201272724,0.32007318233275095,0.5060577580605734,0.18790552790015252,0.3060367140392741,0.43052269753997674,0.5060577580605734,0.32007318233275095,0.3060367140392741,-0.014036468293476823,0,0,stable_wrong,52520,Underworld: Awakening,Underworld: Awakening,Fantasy,70000000,88.0,large_scale,0.0,31,41,0,0,Måns Mårlind,short,budget_high
hit,average,hit,0.5770435289209062,0.11050912940106385,0.31244734167802996,0.3562648567206188,0.17777655456234795,0.46595858871703333,0.5770435289209062,0.46595858871703333,0.31244734167802996,0.46595858871703333,0.15351124703900337,0,1,wrong_to_correct,168259,Furious 7,Furious 7,Action,190000000,137.0,large_scale,0.2046583850931677,52,98,2,0,James Wan,long,budget_high
hit,hit,hit,0.2861504443568391,0.3308884372237001,0.3829611184194608,0.1745420596938377,0.4052924621923514,0.42016547811381094,0.3829611184194608,0.42016547811381094,0.3829611184194608,0.42016547811381094,0.03720435969435015,1,1,stable_correct,55123,Tumbleweeds,Tumbleweeds,Comedy,312000,102.0,indie,0.0608695652173913,3,1,0,0,Gavin O'Connor,medium,budget_low
hit,hit,flop,0.18728390150332347,0.390418850524112,0.4222972479725644,0.19315983473751633,0.48115718751007813,0.32568297775240546,0.4222972479725644,0.48115718751007813,0.4222972479725644,0.32568297775240546,-0.09661427022015895,1,0,correct_to_wrong,286565,Paper Towns,Paper Towns,Drama,12000000,109.0,indie,0.015217391304347825,25,13,0,0,Jake Schreier,medium,budget_low
hit,average,average,0.3942713275106267,0.2384523675492123,0.36727630494016084,0.4512478057666679,0.3639235589684241,0.184828635264908,0.3942713275106267,0.4512478057666679,0.36727630494016084,0.184828635264908,-0.18244766967525283,0,0,stable_wrong,153518,The Angry Birds Movie,The Angry Birds Movie,Family,73000000,97.0,large_scale,0.0,32,6,0,0,Fergal Reilly,medium,budget_high
flop,flop,flop,0.3319562241881565,0.4018101808432734,0.26623359496857,0.3681930448268036,0.42294503260992666,0.2088619225632697,0.4018101808432734,0.42294503260992666,0.4018101808432734,0.42294503260992666,0.02113485176665325,1,1,stable_correct,137094,Jack Ryan: Shadow Recruit,Jack Ryan: Shadow Recruit,Action,60000000,105.0,large_scale,0.09472049689440992,29,31,1,0,Kenneth Branagh,medium,budget_high
hit,hit,flop,0.35688407663360555,0.25528895492058445,0.38782696844580994,0.27016627921177133,0.41310780554061394,0.3167259152476149,0.38782696844580994,0.41310780554061394,0.38782696844580994,0.3167259152476149,-0.07110105319819504,1,0,correct_to_wrong,264999,Magic Mike XXL,Magic Mike XXL,Comedy,14800000,115.0,indie,0.0,54,21,0,0,Gregory Jacobs,medium,budget_low
flop,average,hit,0.37173571991243415,0.36290751417105976,0.2653567659165062,0.36847329720364946,0.0790446479142912,0.5524820548820594,0.37173571991243415,0.5524820548820594,0.36290751417105976,0.0790446479142912,-0.2838628662567686,0,0,stable_wrong,522,Ed Wood,Ed Wood,Comedy,18000000,127.0,indie,0.4959627329192547,68,52,2,0,Tim Burton,long,budget_mid
flop,average,flop,0.349955189236363,0.3482698765696666,0.30177493419397045,0.33128408942681997,0.4742193383678995,0.19449657220528058,0.349955189236363,0.4742193383678995,0.3482698765696666,0.4742193383678995,0.12594946179823285,0,1,wrong_to_correct,1909,Don Juan DeMarco,Don Juan DeMarco,Romance,25000000,97.0,indie,0.06428571428571428,13,12,1,0,Jeremy Leven,medium,budget_mid
hit,hit,hit,0.21045798270142227,0.14563199688643114,0.6439100204121465,0.06182363924489461,0.053689459229745315,0.8844869015253601,0.6439100204121465,0.8844869015253601,0.6439100204121465,0.8844869015253601,0.24057688111321363,1,1,stable_correct,1547,The Lost Boys,The Lost Boys,Horror,8500000,97.0,indie,0.3521739130434782,27,61,0,0,Joel Schumacher,medium,budget_low
hit,hit,hit,0.23280286680961443,0.2147036310631924,0.5524935021271932,0.262062685342802,0.3281380072481422,0.4097993074090558,0.5524935021271932,0.4097993074090558,0.5524935021271932,0.4097993074090558,-0.14269419471813738,1,1,stable_correct,24021,The Twilight Saga: Eclipse,The Twilight Saga: Eclipse,Adventure,68000000,124.0,large_scale,0.03043478260869565,42,39,0,0,David Slade,long,budget_high
hit,flop,flop,0.20637056602453896,0.4700124122847307,0.3236170216907303,0.19091232919885012,0.42309193399293865,0.3859957368082113,0.4700124122847307,0.42309193399293865,0.3236170216907303,0.3859957368082113,0.062378715117481,0,0,stable_wrong,11873,The Color of Money,The Color of Money,Drama,13800000,119.0,indie,0.5111801242236025,49,7,2,0,Martin Scorsese,medium,budget_low
flop,average,average,0.3707400399885903,0.2774245612553236,0.35183539875608616,0.44183115592475397,0.43117484729850925,0.1269939967767368,0.3707400399885903,0.44183115592475397,0.2774245612553236,0.43117484729850925,0.15375028604318564,0,0,stable_wrong,8870,Red Planet,Red Planet,Thriller,80000000,106.0,large_scale,0.0,9,93,0,0,Antony Hoffman,medium,budget_high
hit,flop,hit,0.3235497324121667,0.4098852763511946,0.2665649912366386,0.059308381903935684,0.26004638010437076,0.6806452379916935,0.4098852763511946,0.6806452379916935,0.2665649912366386,0.6806452379916935,0.4140802467550549,0,1,wrong_to_correct,18712,Sands of Iwo Jima,Sands of Iwo Jima,Action,1000000,100.0,indie,0.0,49,6,0,0,Allan Dwan,medium,budget_low
flop,flop,flop,0.29429721911177337,0.461978230143582,0.2437245507446446,0.24875184477567452,0.5125405710377712,0.23870758418655424,0.461978230143582,0.5125405710377712,0.461978230143582,0.5125405710377712,0.05056234089418915,1,1,stable_correct,7512,Idiocracy,Idiocracy,Adventure,30000000,84.0,indie,0.0795031055900621,53,7,1,0,Mike Judge,short,budget_mid
flop,average,flop,0.4069699255033138,0.34830885737446654,0.24472121712221978,0.291577475138138,0.564394881868055,0.14402764299380705,0.4069699255033138,0.564394881868055,0.34830885737446654,0.564394881868055,0.21608602449358844,0,1,wrong_to_correct,38541,The Divide,The Divide,Science Fiction,3000000,112.0,large_scale,0.015217391304347825,10,35,0,0,Xavier Gens,medium,budget_low
flop,average,flop,0.3745923026475178,0.2775486533255862,0.347859044026896,0.33287883892328807,0.3642162286634828,0.30290493241322913,0.3745923026475178,0.3642162286634828,0.2775486533255862,0.3642162286634828,0.0866675753378966,0,1,wrong_to_correct,228967,The Interview,The Interview,Action,44000000,112.0,indie,0.14378881987577638,38,24,2,0,Seth Rogen,medium,budget_high
hit,flop,flop,0.35384551638515016,0.47594720818673797,0.1702072754281119,0.34178824806012736,0.5507780115954223,0.10743374034445048,0.47594720818673797,0.5507780115954223,0.1702072754281119,0.10743374034445048,-0.06277353508366142,0,0,stable_wrong,9470,Kung Fu Hustle,功夫,Action,20000000,99.0,indie,0.0,17,19,0,0,Stephen Chow,medium,budget_mid
hit,hit,average,0.23767483892017077,0.31823221751070196,0.4440929435691274,0.5783358179945216,0.07442338477614843,0.34724079722933,0.4440929435691274,0.5783358179945216,0.4440929435691274,0.34724079722933,-0.09685214633979738,1,0,correct_to_wrong,87502,Flight,Flight,Drama,31000000,138.0,mid_scale,0.5111801242236025,18,72,2,0,Robert Zemeckis,long,budget_mid
flop,average,flop,0.34452649094853155,0.32917053796251566,0.3263029710889528,0.2848373963816822,0.5447520436743055,0.17041055994401222,0.34452649094853155,0.5447520436743055,0.32917053796251566,0.5447520436743055,0.21558150571178986,0,1,wrong_to_correct,13996,Bottle Shock,Bottle Shock,Comedy,5000000,110.0,indie,0.0,12,3,0,0,Randall Miller,medium,budget_low
hit,average,flop,0.3683732527514195,0.29476661652590674,0.33686013072267373,0.32935559991357266,0.5267586362947705,0.14388576379165677,0.3683732527514195,0.5267586362947705,0.33686013072267373,0.14388576379165677,-0.19297436693101697,0,0,stable_wrong,8780,Baby Mama,Baby Mama,Comedy,30000000,99.0,indie,0.0,19,10,0,0,Michael McCullers,medium,budget_mid
hit,hit,hit,0.33868163987688504,0.29424539218774437,0.3670729679353706,0.3783478611060924,0.20030645845823986,0.4213456804356677,0.3670729679353706,0.4213456804356677,0.3670729679353706,0.4213456804356677,0.05427271250029714,1,1,stable_correct,868,Tsotsi,Tsotsi,Crime,3000000,94.0,mid_scale,0.04565217391304347,16,14,0,0,Gavin Hood,medium,budget_low
flop,hit,flop,0.3180551440548963,0.28609542149711265,0.3958494344479911,0.3605485917700721,0.49110041584226893,0.14835099238765895,0.3958494344479911,0.49110041584226893,0.28609542149711265,0.49110041584226893,0.2050049943451563,0,1,wrong_to_correct,192136,Mandela: Long Walk to Freedom,Mandela: Long Walk to Freedom,Drama,35000000,141.0,large_scale,0.0,15,10,0,0,Justin Chadwick,long,budget_mid
hit,average,hit,0.4060137789038912,0.29541034487770934,0.29857587621839954,0.3078082904485871,0.1631363408529377,0.5290553686984752,0.4060137789038912,0.5290553686984752,0.29857587621839954,0.5290553686984752,0.2304794924800757,0,1,wrong_to_correct,132344,Before Midnight,Before Midnight,Romance,3000000,108.0,mid_scale,0.3065217391304348,17,35,0,0,Richard Linklater,medium,budget_low
flop,flop,flop,0.3338500494285158,0.40326582282877027,0.26288412774271397,0.3102637011716903,0.5765199434743872,0.11321635535392265,0.40326582282877027,0.5765199434743872,0.40326582282877027,0.5765199434743872,0.1732541206456169,1,1,stable_correct,34341,Men with Brooms,Men with Brooms,Comedy,7500000,102.0,indie,0.0,12,1,0,0,Paul Gross,medium,budget_low
hit,hit,average,0.3125882752170884,0.16920031421285028,0.5182114105700614,0.38131125513322894,0.27028654407957176,0.34840220078719925,0.5182114105700614,0.38131125513322894,0.5182114105700614,0.34840220078719925,-0.16980920978286212,1,0,correct_to_wrong,121,The Lord of the Rings: The Two Towers,The Lord of the Rings: The Two Towers,Adventure,79000000,179.0,mid_scale,0.3065217391304348,34,36,0,0,Peter Jackson,long,budget_high
hit,average,hit,0.4360009781644853,0.24769614436177415,0.3163028774737404,0.3943921803018891,0.12388683016864797,0.48172098952946285,0.4360009781644853,0.48172098952946285,0.3163028774737404,0.48172098952946285,0.16541811205572243,0,1,wrong_to_correct,1824,50 First Dates,50 First Dates,Comedy,75000000,99.0,mid_scale,0.18944099378881984,55,108,2,0,Peter Segal,medium,budget_high
hit,flop,hit,0.18766069207924427,0.5181359379640446,0.2942033699567111,0.133429198590004,0.3951593867829154,0.47141141462708064,0.5181359379640446,0.47141141462708064,0.2942033699567111,0.47141141462708064,0.17720804467036955,0,1,wrong_to_correct,9372,Super Size Me,Super Size Me,Documentary,65000,100.0,indie,0.0,15,8,0,0,Morgan Spurlock,medium,budget_low
hit,flop,flop,0.299937727084135,0.3667287477508687,0.33333352516499637,0.3292613784135437,0.46233958624286703,0.20839903534358922,0.3667287477508687,0.46233958624286703,0.33333352516499637,0.20839903534358922,-0.12493448982140715,0,0,stable_wrong,1259,Notes on a Scandal,Notes on a Scandal,Drama,15000000,92.0,large_scale,0.06428571428571428,23,15,1,0,Richard Eyre,medium,budget_low
flop,flop,flop,0.3152042504555157,0.46063169658245634,0.22416405296202793,0.34393700970523566,0.36320317099070065,0.29285981930406363,0.46063169658245634,0.36320317099070065,0.46063169658245634,0.36320317099070065,-0.09742852559175569,1,1,stable_correct,34584,The NeverEnding Story,The Neverending Story,Drama,27000000,102.0,large_scale,0.07608695652173912,17,24,0,0,Wolfgang Petersen,medium,budget_mid
flop,average,average,0.4393042150874175,0.21613413359455938,0.3445616513180232,0.497745448636427,0.30930002142676893,0.19295452993680393,0.4393042150874175,0.497745448636427,0.21613413359455938,0.30930002142676893,0.09316588783220955,0,0,stable_wrong,9932,Analyze That,Analyze That,Comedy,60000000,96.0,large_scale,0.12515527950310557,10,15,1,0,Harold Ramis,medium,budget_high
flop,flop,flop,0.3183298849943208,0.5339689793498038,0.1477011356558754,0.35974814844285397,0.5621155288079048,0.07813632274924118,0.5339689793498038,0.5621155288079048,0.5339689793498038,0.5621155288079048,0.028146549458101022,1,1,stable_correct,9616,The Order,The Order,Drama,35000000,102.0,mid_scale,0.0608695652173913,10,85,0,0,Brian Helgeland,medium,budget_mid
hit,average,flop,0.38477906865706596,0.28649030892864136,0.3287306224142927,0.24167250701756626,0.6549539212891854,0.10337357169324837,0.38477906865706596,0.6549539212891854,0.3287306224142927,0.10337357169324837,-0.2253570507210443,0,0,stable_wrong,11395,The Santa Clause,The Santa Clause,Fantasy,22000000,97.0,indie,0.0,11,8,0,0,John Pasquin,medium,budget_mid
hit,average,flop,0.44331364073938956,0.3058277963060455,0.2508585629545648,0.3203861295496976,0.6054704173005201,0.07414345314978234,0.44331364073938956,0.6054704173005201,0.2508585629545648,0.07414345314978234,-0.1767151098047825,0,0,stable_wrong,9383,Hollow Man,Hollow Man,Action,95000000,112.0,indie,0.10993788819875774,10,13,1,0,Paul Verhoeven,medium,budget_high
average,average,average,0.41920468155330987,0.34397369804608496,0.2368216204006052,0.42844810063774225,0.3354143496919931,0.23613754967026473,0.41920468155330987,0.42844810063774225,0.41920468155330987,0.42844810063774225,0.00924341908443238,1,1,stable_correct,70868,I Don't Know How She Does It,I Don't Know How She Does It,Romance,24000000,89.0,indie,0.0795031055900621,14,4,1,0,Douglas McGrath,short,budget_mid
flop,hit,flop,0.10525114343462844,0.16392810976648,0.7308207467988916,0.165541897536549,0.42455901478642133,0.40989908767702976,0.7308207467988916,0.42455901478642133,0.16392810976648,0.42455901478642133,0.26063090501994135,0,1,wrong_to_correct,75531,Isn't She Great,Isn't She Great,Drama,36000000,95.0,large_scale,0.015217391304347825,8,9,0,0,Andrew Bergman,medium,budget_mid
flop,flop,flop,0.23322140708051797,0.499151802661351,0.2676267902581309,0.19801350426252837,0.5928289265804103,0.20915756915706132,0.499151802661351,0.5928289265804103,0.499151802661351,0.5928289265804103,0.0936771239190593,1,1,stable_correct,50875,Higher Ground,Higher Ground,Drama,2000000,109.0,indie,0.0,16,1,0,0,Vera Farmiga,medium,budget_low
hit,hit,hit,0.320086577314821,0.20217483968058134,0.4777385830045977,0.42828435172845253,0.12319546418338533,0.44852018408816224,0.4777385830045977,0.44852018408816224,0.4777385830045977,0.44852018408816224,-0.029218398916435462,1,1,stable_correct,9637,Scooby-Doo,Scooby-Doo,Mystery,84000000,88.0,mid_scale,0.0608695652173913,11,118,0,0,Raja Gosnell,short,budget_high
flop,hit,hit,0.1994808072047012,0.39156896579334177,0.408950227001957,0.30342259593446697,0.3134600588823915,0.3831173451831415,0.408950227001957,0.3831173451831415,0.39156896579334177,0.3134600588823915,-0.0781089069109503,0,0,stable_wrong,19255,Away We Go,Away We Go,Drama,17000000,98.0,mid_scale,0.0608695652173913,17,43,0,0,Sam Mendes,medium,budget_mid
flop,flop,flop,0.31932302867090123,0.3701917661152408,0.31048520521385803,0.2297424137841744,0.5842033851050843,0.18605420111074122,0.3701917661152408,0.5842033851050843,0.3701917661152408,0.5842033851050843,0.2140116189898435,1,1,stable_correct,188207,The Legend of Hercules,The Legend of Hercules,Action,70000000,99.0,indie,0.3826086956521739,19,54,0,0,Renny Harlin,medium,budget_high
hit,flop,flop,0.3040586753156362,0.5729205223913625,0.12302080229300141,0.31817559398991446,0.5253804964612997,0.15644390954878576,0.5729205223913625,0.5253804964612997,0.12302080229300141,0.15644390954878576,0.033423107255784346,0,0,stable_wrong,44865,The Grandmaster,一代宗師,Action,3860000,130.0,large_scale,0.03043478260869565,14,10,0,0,Wong Kar-wai,long,budget_low
hit,average,average,0.47724174468148445,0.16082974941141348,0.3619285059071021,0.5018889087979842,0.04648678253891975,0.45162430866309616,0.47724174468148445,0.5018889087979842,0.3619285059071021,0.45162430866309616,0.08969580275599404,0,0,stable_wrong,435,The Day After Tomorrow,The Day After Tomorrow,Action,125000000,124.0,large_scale,0.1555900621118012,27,228,1,0,Roland Emmerich,long,budget_high
average,flop,flop,0.24000408479904178,0.45970305715673837,0.3002928580442199,0.35038561024830456,0.38209376397272227,0.2675206257789732,0.45970305715673837,0.38209376397272227,0.24000408479904178,0.35038561024830456,0.11038152544926277,0,0,stable_wrong,7445,Brothers,Brothers,Drama,26000000,104.0,large_scale,0.03043478260869565,24,65,0,0,Jim Sheridan,medium,budget_mid
flop,average,average,0.47699007525173776,0.17152189495940395,0.35148802978885824,0.4951126133964808,0.3367971814175352,0.16809020518598392,0.47699007525173776,0.4951126133964808,0.17152189495940395,0.3367971814175352,0.16527528645813122,0,0,stable_wrong,49852,The Nutcracker: The Untold Story,The Nutcracker: The Untold Story,Fantasy,90000000,110.0,mid_scale,0.0795031055900621,12,3,1,0,Andrei Konchalovsky,medium,budget_high
hit,flop,hit,0.2515248723552798,0.38880146729527965,0.3596736603494405,0.22778987137691728,0.35883755860533445,0.41337257001774835,0.38880146729527965,0.41337257001774835,0.3596736603494405,0.41337257001774835,0.05369890966830787,0,1,wrong_to_correct,2001,We Own the Night,We Own the Night,Drama,21000000,117.0,mid_scale,0.14378881987577638,92,31,2,0,James Gray,medium,budget_mid
average,hit,hit,0.14279607968526045,0.12141939728099949,0.7357845230337402,0.1056035239942478,0.0907785405682489,0.8036179354375033,0.7357845230337402,0.8036179354375033,0.14279607968526045,0.1056035239942478,-0.03719255569101265,0,0,stable_wrong,1091,The Thing,The Thing,Horror,15000000,109.0,indie,0.37080745341614907,12,41,1,0,John Carpenter,medium,budget_low
hit,hit,average,0.3877852644442471,0.1865868260139264,0.42562790954182644,0.4933813363073186,0.18008870405846655,0.3265299596342148,0.42562790954182644,0.4933813363073186,0.42562790954182644,0.3265299596342148,-0.09909794990761167,1,0,correct_to_wrong,9291,The Longest Yard,The Longest Yard,Comedy,82000000,113.0,large_scale,0.12515527950310557,32,19,1,0,Peter Segal,medium,budget_high
flop,average,average,0.3638959021086382,0.32751483735754816,0.30858926053381364,0.7828621831331691,0.07495596875647595,0.14218184811035495,0.3638959021086382,0.7828621831331691,0.32751483735754816,0.07495596875647595,-0.25255886860107224,0,0,stable_wrong,10534,White Squall,White Squall,Action,38000000,129.0,mid_scale,0.3826086956521739,15,10,0,0,Ridley Scott,long,budget_mid
flop,flop,flop,0.344621970765961,0.3466368958039871,0.30874113343005183,0.3806566711943872,0.3863705783972114,0.23297275040840143,0.3466368958039871,0.3863705783972114,0.3466368958039871,0.3863705783972114,0.039733682593224295,1,1,stable_correct,25704,Post Grad,Post Grad,Comedy,15000000,89.0,mid_scale,0.0,31,56,0,0,Vicky Jenson,short,budget_low
average,average,flop,0.42613956453377855,0.29226540882959806,0.2815950266366233,0.3444537271814215,0.44406066724815163,0.21148560557042695,0.42613956453377855,0.44406066724815163,0.42613956453377855,0.3444537271814215,-0.08168583735235707,1,0,correct_to_wrong,11431,Fever Pitch,Fever Pitch,Comedy,30000000,103.0,large_scale,0.4164596273291925,30,26,1,0,Bobby Farrelly,medium,budget_mid
hit,hit,flop,0.1389358288956395,0.24217561864233877,0.6188885524620217,0.15580296110971056,0.44232450863132666,0.40187253025896275,0.6188885524620217,0.44232450863132666,0.6188885524620217,0.40187253025896275,-0.21701602220305893,1,0,correct_to_wrong,31175,Soul Kitchen,Soul Kitchen,Drama,5000000,99.0,indie,0.0,18,2,0,0,Fatih Akin,medium,budget_low
hit,hit,hit,0.162277268609083,0.30144320261847973,0.5362795287724372,0.18909609410702963,0.26775411554494083,0.5431497903480296,0.5362795287724372,0.5431497903480296,0.5362795287724372,0.5431497903480296,0.00687026157559234,1,1,stable_correct,1777,Fahrenheit 9/11,Fahrenheit 9/11,Documentary,6000000,122.0,indie,0.18944099378881984,17,5,2,0,Michael Moore,long,budget_low
hit,flop,hit,0.3534516284571567,0.417317461572501,0.22923090997034234,0.1344391166989852,0.2533680765430794,0.6121928067579353,0.417317461572501,0.6121928067579353,0.22923090997034234,0.6121928067579353,0.38296189678759296,0,1,wrong_to_correct,3080,Top Hat,Top Hat,Comedy,609000,101.0,indie,0.0,8,20,0,0,Mark Sandrich,medium,budget_low
hit,flop,flop,0.24087878595087636,0.675688434770065,0.08343277927905857,0.1032368285389141,0.5672094941595975,0.32955367730148843,0.675688434770065,0.5672094941595975,0.08343277927905857,0.32955367730148843,0.24612089802242987,0,0,stable_wrong,11426,From Here to Eternity,From Here to Eternity,War,1650000,118.0,indie,0.03043478260869565,17,22,0,0,Fred Zinnemann,medium,budget_low
hit,hit,hit,0.3422056767728404,0.22390202099091452,0.4338923022362451,0.19741245015148712,0.04272759029054809,0.7598599595579649,0.4338923022362451,0.7598599595579649,0.4338923022362451,0.7598599595579649,0.32596765732171984,1,1,stable_correct,227306,Unbroken,Unbroken,Drama,65000000,137.0,mid_scale,0.03043478260869565,79,92,0,1,Angelina Jolie,long,budget_high
hit,flop,flop,0.30992256407775653,0.38715091421575687,0.3029265217064866,0.2821050580551329,0.4182219555685363,0.2996729863763308,0.38715091421575687,0.4182219555685363,0.3029265217064866,0.2996729863763308,-0.003253535330155821,0,0,stable_wrong,9895,Man of the Year,Man of the Year,Comedy,20000000,115.0,indie,0.2046583850931677,28,17,2,0,Barry Levinson,medium,budget_mid
hit,hit,hit,0.2751896951118464,0.20906807043159567,0.515742234456558,0.3189086724100296,0.2757003851137068,0.40539094247626356,0.515742234456558,0.40539094247626356,0.515742234456558,0.40539094247626356,-0.11035129198029442,1,1,stable_correct,1562,28 Weeks Later,28 Weeks Later,Horror,15000000,100.0,large_scale,0.0,52,61,0,0,Juan Carlos Fresnadillo,medium,budget_low
flop,hit,flop,0.21359382353364764,0.352864446634475,0.4335417298318772,0.2968321786192029,0.4366533670670022,0.2665144543137949,0.4335417298318772,0.4366533670670022,0.352864446634475,0.4366533670670022,0.08378892043252717,0,1,wrong_to_correct,9009,Dark Water,Dark Water,Drama,30000000,105.0,mid_scale,0.09472049689440992,12,17,1,0,Walter Salles,medium,budget_mid
average,hit,flop,0.2894682098988153,0.32121971116683157,0.38931207893435316,0.20154048015123602,0.6698762684550057,0.12858325139375829,0.38931207893435316,0.6698762684550057,0.2894682098988153,0.20154048015123602,-0.08792772974757926,0,0,stable_wrong,13435,Antwone Fisher,Antwone Fisher,Drama,12500000,120.0,indie,0.06428571428571428,10,9,1,0,Denzel Washington,medium,budget_low
hit,hit,average,0.32271319076899285,0.3000758384521139,0.3772109707788932,0.39441344391013294,0.33065418504505495,0.2749323710448121,0.3772109707788932,0.39441344391013294,0.3772109707788932,0.2749323710448121,-0.1022785997340811,1,0,correct_to_wrong,38167,Eat Pray Love,Eat Pray Love,Drama,60000000,133.0,mid_scale,0.20807453416149066,19,16,3,0,Ryan Murphy,long,budget_high
hit,hit,flop,0.3325264618390095,0.3140013601876368,0.3534721779733537,0.3644506745580062,0.4404446331508868,0.1951046922911071,0.3534721779733537,0.4404446331508868,0.3534721779733537,0.1951046922911071,-0.15836748568224657,1,0,correct_to_wrong,10377,My Cousin Vinny,My Cousin Vinny,Comedy,11000000,120.0,mid_scale,0.09472049689440992,11,13,1,0,Jonathan Lynn,medium,budget_low
flop,flop,flop,0.28310707483729763,0.49303601517208406,0.22385690999061822,0.16157985329061175,0.7829184543090337,0.05550169240035447,0.49303601517208406,0.7829184543090337,0.49303601517208406,0.7829184543090337,0.28988243913694967,1,1,stable_correct,168705,BloodRayne,BloodRayne,Action,25000000,95.0,indie,0.0795031055900621,11,2,1,0,Uwe Boll,medium,budget_mid
flop,flop,flop,0.3546391374339392,0.4359914330370013,0.20936942952905957,0.3959347847465758,0.43423812291569475,0.16982709233772952,0.4359914330370013,0.43423812291569475,0.4359914330370013,0.43423812291569475,-0.0017533101213065283,1,1,stable_correct,11702,The Replacement Killers,The Replacement Killers,Action,30000000,87.0,indie,0.07608695652173912,13,10,0,0,Antoine Fuqua,short,budget_mid
hit,hit,hit,0.24919544174119793,0.2509163414199408,0.4998882168388614,0.1509347363503151,0.19774394421874483,0.6513213194309401,0.4998882168388614,0.6513213194309401,0.4998882168388614,0.6513213194309401,0.15143310259207865,1,1,stable_correct,9003,Hellraiser,Hellraiser,Horror,1000000,94.0,mid_scale,0.0,22,71,0,0,Clive Barker,medium,budget_low
hit,flop,average,0.2784313245452813,0.403895316369926,0.31767335908479255,0.4045786802592285,0.298145156193786,0.29727616354698555,0.403895316369926,0.4045786802592285,0.31767335908479255,0.29727616354698555,-0.020397195537807,0,0,stable_wrong,792,Platoon,Platoon,Drama,6000000,120.0,indie,0.5298136645962732,31,34,3,0,Oliver Stone,medium,budget_low
flop,flop,average,0.37630508760026643,0.40620825715546544,0.21748665524426825,0.4382620076547424,0.39366266895569313,0.16807532338956446,0.40620825715546544,0.4382620076547424,0.40620825715546544,0.39366266895569313,-0.012545588199772306,1,0,correct_to_wrong,36691,Solitary Man,Solitary Man,Comedy,15000000,90.0,mid_scale,0.0795031055900621,27,7,1,0,Brian Koppelman,medium,budget_low
hit,hit,flop,0.2378348863882625,0.36437976855285603,0.39778534505888147,0.23940533678369888,0.40754058729288867,0.35305407592341254,0.39778534505888147,0.40754058729288867,0.39778534505888147,0.35305407592341254,-0.04473126913546893,1,0,correct_to_wrong,5123,August Rush,August Rush,Drama,25000000,114.0,mid_scale,0.06428571428571428,59,31,1,0,Kirsten Sheridan,medium,budget_mid
hit,average,average,0.41619682367355004,0.381617814573377,0.2021853617530729,0.49025225156700986,0.3737982227476692,0.13594952568532095,0.41619682367355004,0.49025225156700986,0.2021853617530729,0.13594952568532095,-0.06623583606775194,0,0,stable_wrong,9334,The Scorpion King,The Scorpion King,Action,60000000,92.0,mid_scale,0.09472049689440992,18,22,1,0,Chuck Russell,medium,budget_high
flop,flop,flop,0.32621954785432616,0.35398580536124125,0.31979464678443265,0.3673822920968214,0.44688924906978694,0.18572845883339165,0.35398580536124125,0.44688924906978694,0.35398580536124125,0.44688924906978694,0.0929034437085457,1,1,stable_correct,13092,How to Lose Friends & Alienate People,How to Lose Friends & Alienate People,Comedy,27000000,110.0,large_scale,0.06428571428571428,27,34,1,0,Robert B. Weide,medium,budget_mid
flop,hit,hit,0.2663865093705662,0.20476752091892106,0.5288459697105127,0.29007083718308097,0.10458593852002576,0.6053432242968932,0.5288459697105127,0.6053432242968932,0.20476752091892106,0.10458593852002576,-0.1001815823988953,0,0,stable_wrong,10012,Cursed,Cursed,Horror,35000000,97.0,mid_scale,0.3065217391304348,16,163,0,0,Wes Craven,medium,budget_mid
hit,flop,hit,0.22856823218850064,0.48533823430343864,0.28609353350806077,0.022039030949084607,0.06454545876630553,0.91341551028461,0.48533823430343864,0.91341551028461,0.28609353350806077,0.91341551028461,0.6273219767765492,0,1,wrong_to_correct,389,12 Angry Men,12 Angry Men,Drama,350000,96.0,indie,0.0608695652173913,17,17,0,0,Sidney Lumet,medium,budget_low
hit,hit,hit,0.31018054729672345,0.203132171730701,0.4866872809725755,0.31846002215632274,0.08319999081020896,0.5983399870334682,0.4866872809725755,0.5983399870334682,0.4866872809725755,0.5983399870334682,0.11165270606089273,1,1,stable_correct,12,Finding Nemo,Finding Nemo,Animation,94000000,100.0,indie,0.1590062111801242,24,104,2,0,Andrew Stanton,medium,budget_high
hit,average,average,0.39561270068385734,0.2101866553559496,0.3942006439601931,0.4895374442043103,0.09269118849357354,0.4177713673021162,0.39561270068385734,0.4895374442043103,0.3942006439601931,0.4177713673021162,0.023570723341923117,0,0,stable_wrong,4147,Road to Perdition,Road to Perdition,Thriller,80000000,117.0,mid_scale,0.2537267080745341,32,117,3,0,Sam Mendes,medium,budget_high
hit,hit,hit,0.37460631654036497,0.1255907373943035,0.49980294606533165,0.3183852891036832,0.27213287295688515,0.4094818379394316,0.49980294606533165,0.4094818379394316,0.49980294606533165,0.4094818379394316,-0.09032110812590005,1,1,stable_correct,58595,Snow White and the Huntsman,Snow White and the Huntsman,Adventure,170000000,127.0,indie,0.0,36,56,0,0,Rupert Sanders,long,budget_high
average,flop,flop,0.23662340807362567,0.44891003657056106,0.31446655535581325,0.13871630659166836,0.7556403131697104,0.10564338023862126,0.44891003657056106,0.7556403131697104,0.23662340807362567,0.13871630659166836,-0.0979071014819573,0,0,stable_wrong,13001,Stargate: The Ark of Truth,Stargate: The Ark of Truth,Adventure,7000000,97.0,indie,0.0,10,21,0,0,Robert C. Cooper,medium,budget_low
average,flop,hit,0.23229801012432807,0.46134781586368806,0.3063541740119839,0.24007407590963048,0.2849588212205797,0.47496710286978977,0.46134781586368806,0.47496710286978977,0.23229801012432807,0.24007407590963048,0.007776065785302405,0,0,stable_wrong,2009,"4 Months, 3 Weeks and 2 Days","4 luni, 3 săptămîni și 2 zile",Drama,852510,113.0,large_scale,0.0,21,21,0,1,Cristian Mungiu,medium,budget_low
flop,flop,flop,0.2946443883926112,0.35495258264335794,0.35040302896403086,0.3752554881715856,0.459129276602168,0.16561523522624633,0.35495258264335794,0.459129276602168,0.35495258264335794,0.459129276602168,0.10417669395881007,1,1,stable_correct,5852,Angel Eyes,Angel Eyes,Drama,53000000,102.0,large_scale,0.0,27,21,0,0,Luis Mandoki,medium,budget_high
average,flop,flop,0.2499147971948184,0.43542800724032465,0.314657195564857,0.2517812259795714,0.5894412157474437,0.15877755827298495,0.43542800724032465,0.5894412157474437,0.2499147971948184,0.2517812259795714,0.0018664287847530159,0,0,stable_wrong,13960,ATL,ATL,Drama,20000000,105.0,indie,0.06428571428571428,14,3,1,0,Christian Robinson,medium,budget_mid
flop,flop,flop,0.28626459599991416,0.43504835871785363,0.27868704528223226,0.3394312064008639,0.3503378115112937,0.31023098208784244,0.43504835871785363,0.3503378115112937,0.43504835871785363,0.3503378115112937,-0.08471054720655996,1,1,stable_correct,8814,Doom,Doom,Adventure,60000000,105.0,large_scale,0.12515527950310557,15,76,1,0,Andrzej Bartkowiak,medium,budget_high
hit,hit,hit,0.11837476054795722,0.11086639780287169,0.7707588416491711,0.07142575113181031,0.03763369738806671,0.890940551480123,0.7707588416491711,0.890940551480123,0.7707588416491711,0.890940551480123,0.12018170983095189,1,1,stable_correct,609,Poltergeist,Poltergeist,Horror,10700000,114.0,indie,0.04565217391304347,16,26,0,1,Tobe Hooper,medium,budget_low
flop,hit,average,0.31502058926819065,0.2675236299464711,0.41745578078533824,0.43898368657659165,0.3191035360887094,0.24191277733469907,0.41745578078533824,0.43898368657659165,0.2675236299464711,0.3191035360887094,0.051579906142238285,0,0,stable_wrong,12177,The Love Guru,The Love Guru,Comedy,62000000,87.0,mid_scale,0.06428571428571428,19,17,1,0,Marco Schnabel,short,budget_high
hit,flop,hit,0.24182123143411596,0.47247051560489917,0.2857082529609849,0.073377244076755,0.21187063893940478,0.7147521169838402,0.47247051560489917,0.7147521169838402,0.2857082529609849,0.7147521169838402,0.4290438640228553,0,1,wrong_to_correct,43306,A Guy Named Joe,A Guy Named Joe,Drama,2627000,120.0,indie,0.015217391304347825,14,17,0,0,Victor Fleming,medium,budget_low
flop,flop,flop,0.25107768772867106,0.558171154180425,0.1907511580909041,0.20904114264328277,0.4842778934287152,0.3066809639280019,0.558171154180425,0.4842778934287152,0.558171154180425,0.4842778934287152,-0.07389326075170977,1,1,stable_correct,29146,Charly,Charly,Drama,950000,103.0,indie,0.0,8,8,0,0,Ralph Nelson,medium,budget_low
flop,flop,flop,0.31342356568024365,0.4376825594297446,0.24889387489001163,0.26412123873811205,0.5593400650090151,0.17653869625287288,0.4376825594297446,0.5593400650090151,0.4376825594297446,0.5593400650090151,0.12165750557927052,1,1,stable_correct,9095,Mary Reilly,Mary Reilly,Drama,47000000,104.0,indie,0.2046583850931677,11,14,2,0,Stephen Frears,medium,budget_high
hit,hit,hit,0.20932795230894305,0.22253831457396814,0.5681337331170888,0.21750624500648455,0.15495829037483072,0.6275354646186848,0.5681337331170888,0.6275354646186848,0.5681337331170888,0.6275354646186848,0.059401731501596,1,1,stable_correct,44040,Devil,Devil,Horror,10000000,80.0,mid_scale,0.04565217391304347,16,43,0,0,John Erick Dowdle,short,budget_low
hit,hit,flop,0.29422696294903006,0.297087348035175,0.4086856890157949,0.3216413567315596,0.420298109319247,0.2580605339491935,0.4086856890157949,0.420298109319247,0.4086856890157949,0.2580605339491935,-0.1506251550666014,1,0,correct_to_wrong,10557,East Is East,East Is East,Comedy,3800000,97.0,mid_scale,0.0,21,5,0,0,Damien O'Donnell,medium,budget_low
average,average,average,0.38622241258842593,0.33599363397875676,0.2777839534328174,0.38083187287500925,0.3433109121605714,0.2758572149644194,0.38622241258842593,0.38083187287500925,0.38622241258842593,0.38083187287500925,-0.005390539713416687,1,1,stable_correct,14578,Outside Providence,Outside Providence,Romance,7000000,96.0,indie,0.14378881987577638,12,5,2,0,Michael Corrente,medium,budget_low
average,average,average,0.39324743780843735,0.3127756846082633,0.29397687758329927,0.42905332558016873,0.3930436634336774,0.17790301098615394,0.39324743780843735,0.42905332558016873,0.39324743780843735,0.42905332558016873,0.03580588777173138,1,1,stable_correct,46261,Don't Be Afraid of the Dark,Don't Be Afraid of the Dark,Fantasy,25000000,99.0,large_scale,0.0,9,69,0,0,Troy Nixey,medium,budget_mid
hit,flop,flop,0.33751901818819763,0.4295398969155888,0.23294108489621354,0.312778708996879,0.5934088057288998,0.09381248527422119,0.4295398969155888,0.5934088057288998,0.23294108489621354,0.09381248527422119,-0.13912859962199237,0,0,stable_wrong,48340,Sanctum,Sanctum,Action,30000000,108.0,large_scale,0.0,13,14,0,0,Alister Grierson,medium,budget_mid
flop,flop,flop,0.27316284382422445,0.39571061867983803,0.3311265374959376,0.33092814140390164,0.49000241973626407,0.17906943885983434,0.39571061867983803,0.49000241973626407,0.39571061867983803,0.49000241973626407,0.09429180105642604,1,1,stable_correct,9701,North Country,North Country,Drama,35000000,126.0,mid_scale,0.12857142857142856,17,12,2,0,Niki Caro,long,budget_mid
average,average,average,0.4441973524531656,0.2787188098535165,0.27708383769331785,0.6829456372545424,0.21004237359046685,0.10701198915499079,0.4441973524531656,0.6829456372545424,0.4441973524531656,0.6829456372545424,0.23874828480137678,1,1,stable_correct,9509,Man on Fire,Man on Fire,Action,70000000,146.0,large_scale,0.465527950310559,12,147,2,0,Tony Scott,long,budget_high
hit,hit,hit,0.2555253673741681,0.3417100240078334,0.40276460861799845,0.16322862488805187,0.4077690645814425,0.4290023105305057,0.40276460861799845,0.4290023105305057,0.40276460861799845,0.4290023105305057,0.02623770191250724,1,1,stable_correct,84332,Safety Not Guaranteed,Safety Not Guaranteed,Comedy,750000,85.0,indie,0.015217391304347825,19,23,0,0,Colin Trevorrow,short,budget_low
hit,flop,hit,0.3495904687189649,0.37679529855539506,0.27361423272564006,0.21123017706374733,0.33979442081972727,0.4489754021165253,0.37679529855539506,0.4489754021165253,0.27361423272564006,0.4489754021165253,0.17536116939088525,0,1,wrong_to_correct,205596,The Imitation Game,The Imitation Game,History,14000000,113.0,indie,0.0,68,43,0,1,Morten Tyldum,medium,budget_low
hit,flop,flop,0.18720411002672208,0.6222984386889905,0.19049745128428747,0.1684161919119684,0.4667760263094481,0.3648077817785835,0.6222984386889905,0.4667760263094481,0.19049745128428747,0.3648077817785835,0.174310330494296,0,0,stable_wrong,9367,El Mariachi,El Mariachi,Action,220000,81.0,indie,0.41304347826086957,7,11,0,0,Robert Rodriguez,short,budget_low
flop,average,average,0.4572204752976808,0.23676332729422048,0.3060161974080986,0.4904785422695457,0.11878851164064198,0.39073294608981235,0.4572204752976808,0.4904785422695457,0.23676332729422048,0.11878851164064198,-0.1179748156535785,0,0,stable_wrong,3093,Basic Instinct 2,Basic Instinct 2,Crime,70000000,114.0,mid_scale,0.03043478260869565,37,14,0,1,Michael Caton-Jones,medium,budget_high
hit,flop,flop,0.3006889149145439,0.4304790551451256,0.2688320299403305,0.3281047745732038,0.5346000834988935,0.13729514192790268,0.4304790551451256,0.5346000834988935,0.2688320299403305,0.13729514192790268,-0.13153688801242783,0,0,stable_wrong,13051,Max Payne,Max Payne,Action,35000000,100.0,large_scale,0.10993788819875774,17,17,1,0,John Moore,medium,budget_mid
hit,flop,flop,0.33904468628487766,0.3965057221778338,0.26444959153728853,0.40790173559677867,0.42066907899293654,0.17142918541028473,0.3965057221778338,0.42066907899293654,0.26444959153728853,0.17142918541028473,-0.0930204061270038,0,0,stable_wrong,43959,Soul Surfer,Soul Surfer,Action,18000000,106.0,large_scale,0.0795031055900621,16,3,1,0,Sean McNamara,medium,budget_mid
average,average,hit,0.4426047339345022,0.14399728587897176,0.41339798018652607,0.3815530439259741,0.22462889873243083,0.39381805734159503,0.4426047339345022,0.39381805734159503,0.4426047339345022,0.3815530439259741,-0.061051690008528114,1,0,correct_to_wrong,258489,The Legend of Tarzan,The Legend of Tarzan,Action,180000000,109.0,large_scale,0.1590062111801242,34,12,2,0,David Yates,medium,budget_high
hit,hit,hit,0.18329358118342298,0.19001899124770516,0.6266874275688719,0.10839669559516829,0.05562201121597645,0.8359812931888553,0.6266874275688719,0.8359812931888553,0.6266874275688719,0.8359812931888553,0.20929386561998342,1,1,stable_correct,10281,Friday the 13th Part VII: The New Blood,Friday the 13th Part VII: The New Blood,Horror,2800000,88.0,indie,0.0,15,12,0,1,John Carl Buechler,short,budget_low
hit,average,hit,0.3634539716428848,0.3457862033656741,0.29075982499144115,0.16282136746407178,0.0697076957790008,0.7674709367569275,0.3634539716428848,0.7674709367569275,0.29075982499144115,0.7674709367569275,0.4767111117654863,0,1,wrong_to_correct,270487,"Hail, Caesar!","Hail, Caesar!",Comedy,22000000,106.0,mid_scale,0.5145962732919254,87,19,3,0,Joel Coen,medium,budget_mid
hit,flop,hit,0.37712537078972014,0.3812193181883618,0.24165531102191803,0.20398760566567492,0.07583317631579826,0.7201792180185268,0.3812193181883618,0.7201792180185268,0.24165531102191803,0.7201792180185268,0.47852390699660874,0,1,wrong_to_correct,395,AVP: Alien vs. Predator,AVP: Alien vs. Predator,Adventure,70000000,101.0,large_scale,0.3065217391304348,25,137,0,1,Paul W.S. Anderson,medium,budget_high
flop,average,average,0.4419136222196742,0.1681014768574443,0.3899849009228814,0.5309543265563689,0.2392466271977867,0.2297990462458444,0.4419136222196742,0.5309543265563689,0.1681014768574443,0.2392466271977867,0.07114515034034238,0,0,stable_wrong,1850,Man on the Moon,Man on the Moon,Comedy,82000000,118.0,indie,0.1590062111801242,17,19,2,0,Miloš Forman,medium,budget_high
hit,average,hit,0.5885548571121274,0.08695265101985142,0.32449249186802115,0.21905847367791173,0.011705653117477233,0.7692358732046111,0.5885548571121274,0.7692358732046111,0.32449249186802115,0.7692358732046111,0.4447433813365899,0,1,wrong_to_correct,206647,Spectre,Spectre,Action,245000000,148.0,mid_scale,0.12515527950310557,83,155,1,1,Sam Mendes,long,budget_high
hit,flop,flop,0.19884022160995068,0.5048148928776877,0.29634488551236166,0.18870093635059645,0.6353884053260339,0.1759106583233696,0.5048148928776877,0.6353884053260339,0.29634488551236166,0.1759106583233696,-0.12043422718899205,0,0,stable_wrong,1088,Whale Rider,Whale Rider,Drama,8000000,101.0,indie,0.0,12,9,0,0,Niki Caro,medium,budget_low
average,average,average,0.47397035946805505,0.16192212470580186,0.3641075158261431,0.5125007980120094,0.22663763323542951,0.260861568752561,0.47397035946805505,0.5125007980120094,0.47397035946805505,0.5125007980120094,0.03853043854395438,1,1,stable_correct,13183,Watchmen,Watchmen,Action,130000000,163.0,large_scale,0.07608695652173912,35,24,0,0,Zack Snyder,long,budget_high
hit,hit,hit,0.34019426356496185,0.2604403139339874,0.3993654225010507,0.0751386200762003,0.11450144000961109,0.8103599399141886,0.3993654225010507,0.8103599399141886,0.3993654225010507,0.8103599399141886,0.4109945174131379,1,1,stable_correct,82695,Les Misérables,Les Misérables,Drama,61000000,157.0,mid_scale,0.20807453416149066,208,46,3,0,Tom Hooper,long,budget_high
hit,average,average,0.41406543914913047,0.27343556969459676,0.3124989911562728,0.5521824723851015,0.14943987216483406,0.2983776554500644,0.41406543914913047,0.5521824723851015,0.3124989911562728,0.2983776554500644,-0.014121335706208382,0,0,stable_wrong,9021,The Santa Clause 2,The Santa Clause 2,Fantasy,65000000,104.0,mid_scale,0.015217391304347825,13,37,0,1,Michael Lembeck,medium,budget_high
average,average,average,0.4207002484673989,0.2739687183060177,0.3053310332265833,0.4982776195419376,0.1968497811075188,0.3048725993505437,0.4207002484673989,0.4982776195419376,0.4207002484673989,0.4982776195419376,0.07757737107453871,1,1,stable_correct,10590,We Were Soldiers,We Were Soldiers,Action,75000000,138.0,mid_scale,0.09472049689440992,54,132,1,0,Randall Wallace,long,budget_high
hit,hit,hit,0.22669331930981865,0.15135457692222992,0.6219521037679514,0.19715094758777751,0.05251892891800289,0.7503301234942196,0.6219521037679514,0.7503301234942196,0.6219521037679514,0.7503301234942196,0.12837801972626817,1,1,stable_correct,238636,The Purge: Anarchy,The Purge: Anarchy,Horror,9000000,104.0,large_scale,0.015217391304347825,41,64,0,1,James DeMonaco,medium,budget_low
flop,hit,flop,0.33980679397973035,0.3122344216132843,0.3479587844069853,0.43865883241150605,0.44428547856857786,0.11705568901991617,0.3479587844069853,0.44428547856857786,0.3122344216132843,0.44428547856857786,0.13205105695529357,0,1,wrong_to_correct,5491,Battlefield Earth,Battlefield Earth,Action,44000000,118.0,large_scale,0.06428571428571428,16,12,1,0,Roger Christian,medium,budget_high
average,hit,hit,0.37423242258022127,0.13758271283781595,0.48818486458196275,0.3888362238054062,0.14895064755581391,0.4622131286387798,0.48818486458196275,0.4622131286387798,0.37423242258022127,0.3888362238054062,0.014603801225184954,0,0,stable_wrong,117251,White House Down,White House Down,Action,150000000,131.0,mid_scale,0.2198757763975155,21,22,2,0,Roland Emmerich,long,budget_high
hit,average,average,0.35977625839619226,0.30956360412736633,0.3306601374764414,0.3518347206064415,0.30996666242811405,0.33819861696544445,0.35977625839619226,0.3518347206064415,0.3306601374764414,0.33819861696544445,0.007538479489003047,0,0,stable_wrong,11023,Thirteen,Thirteen,Crime,2000000,100.0,mid_scale,0.03043478260869565,16,26,0,0,Catherine Hardwicke,medium,budget_low
hit,hit,hit,0.19925785678407792,0.1939718320206373,0.6067703111952847,0.1282142562647204,0.042466861800222355,0.8293188819350572,0.6067703111952847,0.8293188819350572,0.6067703111952847,0.8293188819350572,0.22254857073977252,1,1,stable_correct,329,Jurassic Park,Jurassic Park,Adventure,63000000,127.0,indie,0.6142857142857143,27,105,1,0,Steven Spielberg,long,budget_high
hit,hit,average,0.30633603355737865,0.2958573337031597,0.3978066327394616,0.34803510405561383,0.3141723499821546,0.3377925459622316,0.3978066327394616,0.34803510405561383,0.3978066327394616,0.3377925459622316,-0.06001408677722997,1,0,correct_to_wrong,10663,The Waterboy,The Waterboy,Comedy,23000000,90.0,indie,0.10993788819875774,15,9,1,0,Frank Coraci,medium,budget_mid
average,average,average,0.5369902427278186,0.1722381248488767,0.29077163242330467,0.5017680452382723,0.4062457619258407,0.09198619283588702,0.5369902427278186,0.5017680452382723,0.5369902427278186,0.5017680452382723,-0.03522219748954625,1,1,stable_correct,9023,Spirit: Stallion of the Cimarron,Spirit: Stallion of the Cimarron,Western,80000000,83.0,indie,0.12857142857142856,15,25,2,0,Kelly Asbury,short,budget_high
average,average,flop,0.42826443703755934,0.34445921313107725,0.22727634983136327,0.3742397647976854,0.4845686598930019,0.1411915753093127,0.42826443703755934,0.4845686598930019,0.42826443703755934,0.3742397647976854,-0.05402467223987395,1,0,correct_to_wrong,228326,The Book of Life,The Book of Life,Romance,50000000,95.0,mid_scale,0.06428571428571428,28,16,1,0,Jorge R. Gutierrez,medium,budget_high
hit,flop,flop,0.26186155738949063,0.46193395856192726,0.2762044840485821,0.24722748040852036,0.4531375275766568,0.2996349920148229,0.46193395856192726,0.4531375275766568,0.2762044840485821,0.2996349920148229,0.0234305079662408,0,0,stable_wrong,8913,Pet Sematary,Pet Sematary,Drama,11500000,103.0,indie,0.015217391304347825,14,9,0,0,Mary Lambert,medium,budget_low
average,flop,flop,0.2512807986575088,0.44013724861952264,0.30858195272296846,0.23149411826014826,0.4059415098285291,0.36256437191132257,0.44013724861952264,0.4059415098285291,0.2512807986575088,0.23149411826014826,-0.019786680397360534,0,0,stable_wrong,746,The Last Emperor,The Last Emperor,Drama,23000000,163.0,large_scale,0.0,28,35,0,0,Bernardo Bertolucci,long,budget_mid
hit,flop,flop,0.27522233645361743,0.4737776556776113,0.25100000786877136,0.2589095826143111,0.41671473376367796,0.32437568362201086,0.4737776556776113,0.41671473376367796,0.25100000786877136,0.32437568362201086,0.0733756757532395,0,0,stable_wrong,7191,Cloverfield,Cloverfield,Action,25000000,85.0,indie,0.03043478260869565,57,84,0,0,Matt Reeves,short,budget_mid
average,hit,average,0.22598039038743858,0.34557287365264105,0.4284467359599203,0.36309362723167204,0.3208321013293428,0.3160742714389851,0.4284467359599203,0.36309362723167204,0.22598039038743858,0.36309362723167204,0.13711323684423346,0,1,wrong_to_correct,12403,A Perfect Getaway,A Perfect Getaway,Thriller,14000000,98.0,large_scale,0.10993788819875774,12,25,1,0,David Twohy,medium,budget_low
flop,hit,average,0.33432767886338566,0.215665165115302,0.45000715602131225,0.41080133133160934,0.3275419340296624,0.2616567346387282,0.45000715602131225,0.41080133133160934,0.215665165115302,0.3275419340296624,0.11187676891436041,0,0,stable_wrong,11086,The Majestic,The Majestic,Drama,72000000,152.0,mid_scale,0.10993788819875774,17,28,1,0,Frank Darabont,long,budget_high
average,flop,hit,0.33476319818529526,0.40944028297083473,0.25579651884387,0.3222375180246536,0.20209278895752184,0.47566969301782464,0.40944028297083473,0.47566969301782464,0.33476319818529526,0.3222375180246536,-0.01252568016064165,0,0,stable_wrong,300671,13 Hours: The Secret Soldiers of Benghazi,13 Hours: The Secret Soldiers of Benghazi,Action,50000000,144.0,large_scale,0.3521739130434782,33,80,0,0,Michael Bay,long,budget_high
flop,flop,flop,0.26868625036597926,0.42655483042992287,0.30475891920409776,0.24739319118875416,0.5345491692063323,0.21805763960491342,0.42655483042992287,0.5345491692063323,0.42655483042992287,0.5345491692063323,0.10799433877640946,1,1,stable_correct,39800,Life During Wartime,Life During Wartime,Comedy,4500000,97.0,indie,0.015217391304347825,12,5,0,0,Todd Solondz,medium,budget_low
hit,average,average,0.46403109635005707,0.3510085546656254,0.18496034898431743,0.45923599221496003,0.2677819700206458,0.2729820377643942,0.46403109635005707,0.45923599221496003,0.18496034898431743,0.2729820377643942,0.0880216887800768,0,0,stable_wrong,1497,Teenage Mutant Ninja Turtles II: The Secret of the Ooze,Teenage Mutant Ninja Turtles II: The Secret of the Ooze,Science Fiction,25000000,88.0,indie,0.0,66,14,0,1,Michael Pressman,short,budget_mid
average,hit,average,0.4228537270554387,0.1457978761398046,0.43134839680475673,0.4629257613083974,0.2472480436576894,0.2898261950339132,0.43134839680475673,0.4629257613083974,0.4228537270554387,0.4629257613083974,0.04007203425295869,0,1,wrong_to_correct,503,Poseidon,Poseidon,Adventure,160000000,99.0,large_scale,0.07608695652173912,14,29,0,0,Wolfgang Petersen,medium,budget_high
hit,flop,flop,0.31356179456629685,0.4464034381300866,0.24003476730361656,0.24207534195462777,0.6235939283392025,0.13433072970616977,0.4464034381300866,0.6235939283392025,0.24003476730361656,0.13433072970616977,-0.10570403759744679,0,0,stable_wrong,75674,Act of Valor,Act of Valor,Action,12000000,110.0,indie,0.0,19,44,0,0,Mike McCoy,medium,budget_low
hit,flop,flop,0.3655918906381345,0.43099345105692005,0.20341465830494548,0.30959607215961993,0.43890396694525535,0.2514999608951247,0.43099345105692005,0.43890396694525535,0.20341465830494548,0.2514999608951247,0.048085302590179235,0,0,stable_wrong,8681,Taken,Taken,Action,25000000,93.0,large_scale,0.17422360248447202,35,30,2,0,Pierre Morel,medium,budget_mid
flop,flop,flop,0.34084192386760903,0.4142294560097987,0.2449286201225923,0.30670280264841066,0.5719687361462585,0.1213284612053307,0.4142294560097987,0.5719687361462585,0.4142294560097987,0.5719687361462585,0.15773928013645983,1,1,stable_correct,13827,"Surfer, Dude","Surfer, Dude",Comedy,6000000,85.0,indie,0.12857142857142856,8,7,2,0,S.R. Bindler,short,budget_low
hit,hit,hit,0.22395039963322178,0.3161397346472587,0.45990986571951953,0.04604068344582773,0.165900783916257,0.7880585326379153,0.45990986571951953,0.7880585326379153,0.45990986571951953,0.7880585326379153,0.3281486669183957,1,1,stable_correct,756,Fantasia,Fantasia,Animation,2280000,124.0,indie,0.015217391304347825,4,36,0,0,David Hand,long,budget_low
hit,flop,hit,0.3538327940083859,0.3541401488525744,0.29202705713903976,0.35139146988923115,0.217431853804148,0.4311766763066208,0.3541401488525744,0.4311766763066208,0.29202705713903976,0.4311766763066208,0.13914961916758106,0,1,wrong_to_correct,11870,Big Fat Liar,Big Fat Liar,Comedy,15000000,88.0,indie,0.3860248447204969,19,7,1,0,Shawn Levy,short,budget_low
hit,hit,hit,0.32340297464173834,0.2657812925734541,0.4108157327848075,0.3179488335815105,0.17507165925396026,0.5069795071645293,0.4108157327848075,0.5069795071645293,0.4108157327848075,0.5069795071645293,0.09616377437972184,1,1,stable_correct,788,Mrs. Doubtfire,Mrs. Doubtfire,Comedy,25000000,125.0,indie,0.2198757763975155,24,21,2,0,Chris Columbus,long,budget_mid
flop,flop,flop,0.19853899986927567,0.5086507704064525,0.29281022972427195,0.18983523058358148,0.6650259586227341,0.14513881079368451,0.5086507704064525,0.6650259586227341,0.5086507704064525,0.6650259586227341,0.1563751882162816,1,1,stable_correct,3033,Gods and Monsters,Gods and Monsters,Drama,10000000,105.0,mid_scale,0.04565217391304347,11,13,0,0,Bill Condon,medium,budget_low
hit,flop,average,0.2793334559896053,0.4080940600725223,0.3125724839378725,0.3753568968336846,0.29940208806934077,0.32524101509697456,0.4080940600725223,0.3753568968336846,0.3125724839378725,0.32524101509697456,0.012668531159102048,0,0,stable_wrong,744,Top Gun,Top Gun,Action,15000000,110.0,indie,0.4012422360248447,15,38,1,0,Tony Scott,medium,budget_low
average,flop,flop,0.3416350554179343,0.3946907932229018,0.26367415135916394,0.32923808953149913,0.4712865202284802,0.19947539024002053,0.3946907932229018,0.4712865202284802,0.3416350554179343,0.32923808953149913,-0.012396965886435185,0,0,stable_wrong,23049,My Life in Ruins,My Life in Ruins,Comedy,17000000,95.0,indie,0.0608695652173913,15,2,0,0,Donald Petrie,medium,budget_mid
hit,hit,hit,0.23220059842729407,0.25606227593753705,0.5117371256351689,0.36926407537932143,0.2604465290775818,0.37028939554309664,0.5117371256351689,0.37028939554309664,0.5117371256351689,0.37028939554309664,-0.1414477300920723,1,1,stable_correct,8920,Garfield,Garfield,Animation,50000000,80.0,mid_scale,0.0795031055900621,14,12,1,0,Peter Hewitt,short,budget_high
flop,hit,hit,0.24153293683007407,0.33883493914619645,0.41963212402372957,0.247951999215566,0.2041178827593966,0.5479301180250374,0.41963212402372957,0.5479301180250374,0.33883493914619645,0.2041178827593966,-0.13471705638679984,0,0,stable_wrong,3509,A Scanner Darkly,A Scanner Darkly,Animation,8700000,100.0,mid_scale,0.37080745341614907,16,26,1,0,Richard Linklater,medium,budget_low
average,average,flop,0.4875477494079187,0.3991659073524736,0.11328634323960769,0.2806332883157447,0.6506422488065549,0.06872446287770045,0.4875477494079187,0.6506422488065549,0.4875477494079187,0.2806332883157447,-0.20691446109217398,1,0,correct_to_wrong,300168,Dragon Blade,天將雄師,Action,65000000,127.0,large_scale,0.0,37,10,0,0,Daniel Lee,long,budget_high
hit,flop,flop,0.26969016273108326,0.5288618042868871,0.20144803298202965,0.2986722081923857,0.5945734380287165,0.10675435377889791,0.5288618042868871,0.5945734380287165,0.20144803298202965,0.10675435377889791,-0.09469367920313174,0,0,stable_wrong,16690,Return to Never Land,Return to Never Land,Adventure,20000000,72.0,large_scale,0.0,12,9,0,0,Robin Budd,short,budget_mid
average,hit,flop,0.32866076320689663,0.32384716883423215,0.3474920679588712,0.31318700433413205,0.4324523160905378,0.2543606795753302,0.3474920679588712,0.4324523160905378,0.32866076320689663,0.31318700433413205,-0.015473758872764587,0,0,stable_wrong,38357,Morning Glory,Morning Glory,Comedy,40000000,102.0,indie,0.09472049689440992,16,5,1,0,Roger Michell,medium,budget_mid
hit,flop,flop,0.3254673059023084,0.4088192105233827,0.2657134835743089,0.2729038686785541,0.383836160458382,0.34325997086306387,0.4088192105233827,0.383836160458382,0.2657134835743089,0.34325997086306387,0.07754648728875496,0,0,stable_wrong,50035,Lovely & Amazing,Lovely & Amazing,Comedy,250000,91.0,indie,0.0795031055900621,16,2,1,0,Nicole Holofcener,medium,budget_low
flop,flop,flop,0.28734956675540774,0.4325834213930596,0.28006701185153265,0.3389776636691049,0.437943126532019,0.22307920979887622,0.4325834213930596,0.437943126532019,0.4325834213930596,0.437943126532019,0.005359705138959392,1,1,stable_correct,59678,Attack the Block,Attack the Block,Action,14350531,88.0,mid_scale,0.0,32,28,0,0,Joe Cornish,short,budget_low
average,flop,flop,0.2687991031984075,0.41329487990349867,0.3179060168980939,0.26878450015768507,0.4411839298569868,0.2900315699853281,0.41329487990349867,0.4411839298569868,0.2687991031984075,0.26878450015768507,-1.4603040722427352e-05,0,0,stable_wrong,119283,Parker,Parker,Action,35000000,118.0,indie,0.09472049689440992,31,32,1,0,Taylor Hackford,medium,budget_mid
hit,average,hit,0.3620951148749166,0.3090749240631784,0.32882996106190504,0.31584821372568406,0.25180663077646465,0.43234515549785135,0.3620951148749166,0.43234515549785135,0.32882996106190504,0.43234515549785135,0.10351519443594631,0,1,wrong_to_correct,274,The Silence of the Lambs,The Silence of the Lambs,Crime,19000000,119.0,indie,0.09472049689440992,59,83,1,0,Jonathan Demme,medium,budget_mid
hit,average,average,0.42828715943730616,0.22555415123406244,0.3461586893286315,0.493220366501077,0.28221563297290103,0.22456400052602202,0.42828715943730616,0.493220366501077,0.3461586893286315,0.22456400052602202,-0.12159468880260946,0,0,stable_wrong,251,Ghost,Ghost,Fantasy,22000000,127.0,indie,0.04565217391304347,14,61,0,0,Jerry Zucker,long,budget_mid
hit,hit,average,0.31941653578320994,0.2865978655158165,0.39398559870097355,0.3456950331073779,0.30872454590013904,0.345580420992483,0.39398559870097355,0.3456950331073779,0.39398559870097355,0.345580420992483,-0.048405177708490565,1,0,correct_to_wrong,496,Borat: Cultural Learnings of America for Make Benefit Glorious Nation of Kazakhstan,Borat: Cultural Learnings of America for Make Benefit Glorious Nation of Kazakhstan,Comedy,18000000,82.0,indie,0.015217391304347825,12,23,0,0,Larry Charles,short,budget_mid
average,flop,flop,0.21762507246122037,0.4802302176440645,0.3021447098947151,0.19238628677025768,0.5641645650042042,0.24344914822553806,0.4802302176440645,0.5641645650042042,0.21762507246122037,0.19238628677025768,-0.02523878569096269,0,0,stable_wrong,239571,The Best of Me,The Best of Me,Drama,26000000,117.0,indie,0.06428571428571428,34,5,1,0,Michael Hoffman,medium,budget_mid
hit,hit,hit,0.21926121734692142,0.2110123533122324,0.5697264293408463,0.12473872045606209,0.16035734790882925,0.7149039316351086,0.5697264293408463,0.7149039316351086,0.5697264293408463,0.7149039316351086,0.1451775022942623,1,1,stable_correct,9731,Friday the 13th: A New Beginning,Friday the 13th: A New Beginning,Horror,2200000,92.0,indie,0.0,19,15,0,0,Danny Steinmann,medium,budget_low
hit,hit,hit,0.19010947828177038,0.24927532269078836,0.5606151990274413,0.16060055973332898,0.13883275351130286,0.7005666867553682,0.5606151990274413,0.7005666867553682,0.5606151990274413,0.7005666867553682,0.13995148772792687,1,1,stable_correct,41436,Paranormal Activity 2,Paranormal Activity 2,Horror,3000000,91.0,mid_scale,0.0,10,27,0,1,Tod Williams,medium,budget_low
hit,hit,hit,0.27880243476574695,0.358831407567098,0.3623661576671551,0.27444418767475826,0.3140557187496822,0.41150009357555956,0.3623661576671551,0.41150009357555956,0.3623661576671551,0.41150009357555956,0.04913393590840448,1,1,stable_correct,175574,Free Birds,Free Birds,Animation,55000000,91.0,indie,0.20807453416149066,17,13,3,0,Jimmy Hayward,medium,budget_high
flop,average,flop,0.37327706948374295,0.370387888891328,0.25633504162492904,0.27074439311483917,0.6497460308722434,0.07950957601291761,0.37327706948374295,0.6497460308722434,0.370387888891328,0.6497460308722434,0.27935814198091535,0,1,wrong_to_correct,10185,The Midnight Meat Train,The Midnight Meat Train,Mystery,15000000,98.0,mid_scale,0.0,11,11,0,0,Ryûhei Kitamura,medium,budget_low
hit,flop,hit,0.2572938475216574,0.38809012208414606,0.35461603039419654,0.1387538559440739,0.2709757318031893,0.5902704122527368,0.38809012208414606,0.5902704122527368,0.35461603039419654,0.5902704122527368,0.23565438185854026,0,1,wrong_to_correct,58882,Snow Flower and the Secret Fan,Snow Flower and the Secret Fan,Drama,134005,104.0,indie,0.03043478260869565,18,22,0,0,Wayne Wang,medium,budget_low
flop,flop,flop,0.3682212699737946,0.4302227774158122,0.20155595261039325,0.3716882610766096,0.5310799163735357,0.09723182254985464,0.4302227774158122,0.5310799163735357,0.4302227774158122,0.5310799163735357,0.10085713895772347,1,1,stable_correct,5393,Happily N'Ever After,Happily N'Ever After,Animation,47000000,75.0,mid_scale,0.0,17,38,0,0,Yvette Kaplan,short,budget_high
hit,hit,hit,0.22868317991558634,0.25554448763905085,0.5157723324453628,0.3117366706675989,0.10967832051237739,0.5785850088200236,0.5157723324453628,0.5785850088200236,0.5157723324453628,0.5785850088200236,0.06281267637466081,1,1,stable_correct,7443,Chicken Run,Chicken Run,Animation,45000000,84.0,mid_scale,0.0795031055900621,14,76,1,0,Nick Park,short,budget_high
flop,hit,flop,0.28761359964744143,0.31901871300268836,0.39336768734987027,0.33224186821103074,0.44959231436070485,0.2181658174282645,0.39336768734987027,0.44959231436070485,0.31901871300268836,0.44959231436070485,0.1305736013580165,0,1,wrong_to_correct,59860,Monte Carlo,Monte Carlo,Adventure,20000000,109.0,large_scale,0.0,16,26,0,0,Thomas Bezucha,medium,budget_mid
flop,hit,flop,0.224332498239735,0.31414088286941744,0.46152661889084745,0.14091221452930136,0.49786304944540927,0.3612247360252894,0.46152661889084745,0.49786304944540927,0.31414088286941744,0.49786304944540927,0.18372216657599183,0,1,wrong_to_correct,91070,L!fe Happens,L!fe Happens,Comedy,930000,100.0,indie,0.0,25,13,0,0,Kat Coiro,medium,budget_low
hit,hit,hit,0.37658327241147016,0.22680799444898375,0.39660873313954614,0.3444379893308555,0.12758656990718167,0.5279754407619629,0.39660873313954614,0.5279754407619629,0.39660873313954614,0.5279754407619629,0.13136670762241676,1,1,stable_correct,1587,What's Eating Gilbert Grape,What's Eating Gilbert Grape,Romance,11000000,118.0,indie,0.28416149068322977,25,3,3,0,Lasse Hallström,medium,budget_low
hit,flop,hit,0.22028791661712097,0.4265124834558045,0.3531995999270745,0.19120774044298672,0.3329163879400649,0.4758758716169485,0.4265124834558045,0.4758758716169485,0.3531995999270745,0.4758758716169485,0.122676271689874,0,1,wrong_to_correct,1365,Monster's Ball,Monster's Ball,Drama,4000000,111.0,indie,0.14037267080745341,18,21,1,0,Marc Forster,medium,budget_low
hit,hit,hit,0.26384931981327037,0.2527947391153803,0.48335594107134927,0.1995534528396847,0.20102629410650408,0.5994202530538112,0.48335594107134927,0.5994202530538112,0.48335594107134927,0.5994202530538112,0.11606431198246192,1,1,stable_correct,18785,The Hangover,The Hangover,Comedy,35000000,100.0,mid_scale,0.09130434782608694,87,21,0,0,Todd Phillips,medium,budget_mid
average,flop,flop,0.24417088047763316,0.5657727772319961,0.19005634229037072,0.2039540482256821,0.6258317317222544,0.17021422005206355,0.5657727772319961,0.6258317317222544,0.24417088047763316,0.2039540482256821,-0.04021683225195105,0,0,stable_wrong,301351,We Are Your Friends,We Are Your Friends,Drama,6000000,96.0,indie,0.0,29,7,0,0,Max Joseph,medium,budget_low
hit,hit,flop,0.3659764235128831,0.2099401253357774,0.42408345115133944,0.33053117967746487,0.37528519982587866,0.29418362049665653,0.42408345115133944,0.37528519982587866,0.42408345115133944,0.29418362049665653,-0.1298998306546829,1,0,correct_to_wrong,9487,A Bug's Life,A Bug's Life,Adventure,120000000,95.0,indie,0.03043478260869565,16,19,0,0,Andrew Stanton,medium,budget_high
average,average,average,0.46587674873237866,0.1370027681239485,0.39712048314367276,0.5032517064882677,0.12131315208499036,0.3754351414267419,0.46587674873237866,0.5032517064882677,0.46587674873237866,0.5032517064882677,0.037374957755889004,1,1,stable_correct,308531,Teenage Mutant Ninja Turtles: Out of the Shadows,Teenage Mutant Ninja Turtles: Out of the Shadows,Fantasy,135000000,112.0,large_scale,0.015217391304347825,25,14,0,1,Dave Green,medium,budget_high
average,flop,flop,0.38148028666533784,0.4349501736733749,0.18356953966128728,0.3416353960258489,0.579353016788943,0.07901158718520805,0.4349501736733749,0.579353016788943,0.38148028666533784,0.3416353960258489,-0.03984489063948893,0,0,stable_wrong,15049,Bon Cop Bad Cop,Bon Cop Bad Cop,Action,8000000,116.0,indie,0.0,14,12,0,0,Erik Canuel,medium,budget_low
hit,flop,flop,0.20624049910250586,0.5428918103581092,0.25086769053938496,0.13784027397494356,0.6792182180831224,0.18294150794193395,0.5428918103581092,0.6792182180831224,0.25086769053938496,0.18294150794193395,-0.06792618259745101,0,0,stable_wrong,122081,Spring Breakers,Spring Breakers,Drama,5000000,94.0,large_scale,0.06428571428571428,10,67,1,0,Harmony Korine,medium,budget_low
flop,flop,flop,0.21109982809590383,0.48320708082825453,0.3056930910758415,0.14503789868008982,0.5989042880497196,0.25605781327019056,0.48320708082825453,0.5989042880497196,0.48320708082825453,0.5989042880497196,0.11569720722146509,1,1,stable_correct,5172,The Astronaut Farmer,The Astronaut Farmer,Adventure,13000000,104.0,indie,0.0795031055900621,60,16,1,0,Michael Polish,medium,budget_low
hit,flop,flop,0.25125897251887536,0.436409602238983,0.31233142524214164,0.15797395012219376,0.6107416562046903,0.23128439367311596,0.436409602238983,0.6107416562046903,0.31233142524214164,0.23128439367311596,-0.08104703156902568,0,0,stable_wrong,176124,Home Run,Home Run,Drama,1200000,114.0,indie,0.0,14,6,0,0,David Boyd,medium,budget_low
hit,hit,hit,0.32167711018535783,0.2691743243061544,0.4091485655084877,0.3538706777413861,0.25994187180456957,0.38618745045404435,0.4091485655084877,0.38618745045404435,0.4091485655084877,0.38618745045404435,-0.02296111505444337,1,1,stable_correct,2280,Big,Big,Fantasy,18000000,104.0,mid_scale,0.10993788819875774,15,11,1,0,Penny Marshall,medium,budget_mid
hit,hit,hit,0.18691926265203074,0.24185800256785425,0.5712227347801151,0.15026500541632612,0.13952444024951902,0.7102105543341549,0.5712227347801151,0.7102105543341549,0.5712227347801151,0.7102105543341549,0.13898781955403983,1,1,stable_correct,72571,Paranormal Activity 3,Paranormal Activity 3,Horror,5000000,83.0,mid_scale,0.03043478260869565,11,24,0,1,Henry Joost,short,budget_low
hit,flop,flop,0.18462415455188508,0.5378668034272969,0.277509042020818,0.24847390850633566,0.39590166467550847,0.3556244268181559,0.5378668034272969,0.39590166467550847,0.277509042020818,0.3556244268181559,0.07811538479733793,0,0,stable_wrong,10664,[REC]²,[REC]²,Thriller,5600000,85.0,indie,0.015217391304347825,13,5,0,0,Jaume Balagueró,short,budget_low
hit,average,hit,0.4156732045973217,0.25641550530242624,0.32791129010025205,0.17533945692402989,0.12075754935337506,0.7039029937225951,0.4156732045973217,0.7039029937225951,0.32791129010025205,0.7039029937225951,0.3759917036223431,0,1,wrong_to_correct,59436,Midnight in Paris,Midnight in Paris,Fantasy,30000000,94.0,large_scale,0.4164596273291925,43,66,1,0,Woody Allen,medium,budget_mid
flop,hit,hit,0.31854360855969366,0.2503252282462472,0.4311311631940592,0.33294506868593504,0.186403518732298,0.4806514125817669,0.4311311631940592,0.4806514125817669,0.2503252282462472,0.186403518732298,-0.06392170951394921,0,0,stable_wrong,9008,The Insider,The Insider,Drama,90000000,157.0,large_scale,0.2537267080745341,56,42,3,0,Michael Mann,long,budget_high
average,flop,average,0.3778561244611477,0.3838623116455943,0.23828156389325805,0.38639463837794763,0.336534519131529,0.27707084249052344,0.3838623116455943,0.38639463837794763,0.3778561244611477,0.38639463837794763,0.008538513916799939,0,1,wrong_to_correct,331190,Captive,Captive,Crime,2000000,97.0,large_scale,0.0,23,48,0,0,Jerry Jameson,medium,budget_low
hit,flop,hit,0.22911119127330723,0.48996809795716995,0.2809207107695229,0.3040287428663807,0.3445680988048249,0.3514031583287943,0.48996809795716995,0.3514031583287943,0.2809207107695229,0.3514031583287943,0.07048244755927141,0,1,wrong_to_correct,133805,Carrie,Carrie,Drama,30000000,100.0,mid_scale,0.09472049689440992,19,65,1,0,Kimberly Peirce,medium,budget_mid
hit,hit,average,0.3385223245197885,0.223001629389901,0.4384760460903106,0.4006947083344291,0.35616921994889933,0.2431360717166716,0.4384760460903106,0.4006947083344291,0.4384760460903106,0.2431360717166716,-0.195339974373639,1,0,correct_to_wrong,97630,Zero Dark Thirty,Zero Dark Thirty,Thriller,40000000,157.0,mid_scale,0.03043478260869565,31,19,0,0,Kathryn Bigelow,long,budget_mid
hit,average,hit,0.42256619959772856,0.22870435958480276,0.3487294408174687,0.21352956981838536,0.11952556421829832,0.6669448659633163,0.42256619959772856,0.6669448659633163,0.3487294408174687,0.6669448659633163,0.31821542514584755,0,1,wrong_to_correct,11697,The Man Who Shot Liberty Valance,The Man Who Shot Liberty Valance,Western,3200000,123.0,indie,0.03043478260869565,85,32,0,0,John Ford,long,budget_low
hit,flop,flop,0.35104829374681273,0.3618194374380521,0.2871322688151352,0.24358418102818205,0.6175239942788896,0.1388918246929284,0.3618194374380521,0.6175239942788896,0.2871322688151352,0.1388918246929284,-0.1482404441222068,0,0,stable_wrong,34086,Spaced Invaders,Spaced Invaders,Comedy,3000000,100.0,indie,0.015217391304347825,4,2,0,0,Patrick Read Johnson,medium,budget_low
hit,average,average,0.5085753410638089,0.29757086336887356,0.1938537955673175,0.5802060419328062,0.3456833119665951,0.07411064610059867,0.5085753410638089,0.5802060419328062,0.1938537955673175,0.07411064610059867,-0.11974314946671882,0,0,stable_wrong,85446,Step Up Revolution,Step Up Revolution,Music,33000000,99.0,indie,0.0,12,11,0,0,Scott Speer,medium,budget_mid
hit,flop,flop,0.24534748904524317,0.49773734760876387,0.2569151633459929,0.2776317674227932,0.4917485312213571,0.2306197013558497,0.49773734760876387,0.4917485312213571,0.2569151633459929,0.2306197013558497,-0.02629546199014321,0,0,stable_wrong,268238,The Second Best Exotic Marigold Hotel,The Second Best Exotic Marigold Hotel,Drama,10000000,122.0,mid_scale,0.04565217391304347,14,4,0,0,John Madden,long,budget_low
flop,flop,flop,0.3060327243239542,0.3586351521861081,0.3353321234899378,0.34639963442824273,0.37126105602364157,0.2823393095481156,0.3586351521861081,0.37126105602364157,0.3586351521861081,0.37126105602364157,0.012625903837533481,1,1,stable_correct,14175,Valiant,Valiant,Animation,35000000,76.0,indie,0.12857142857142856,15,4,2,0,Gary Chapman,short,budget_mid
hit,hit,flop,0.23831540294937745,0.33480701895106896,0.42687757809955357,0.31307405355686874,0.359814507260384,0.32711143918274727,0.42687757809955357,0.359814507260384,0.42687757809955357,0.32711143918274727,-0.0997661389168063,1,0,correct_to_wrong,22881,The Blind Side,The Blind Side,Drama,29000000,129.0,mid_scale,0.09472049689440992,21,42,1,0,John Lee Hancock,long,budget_mid
hit,average,hit,0.3692155144982069,0.3077434846699518,0.32304100083184145,0.2956280629401534,0.08783457671708668,0.61653736034276,0.3692155144982069,0.61653736034276,0.32304100083184145,0.61653736034276,0.2934963595109185,0,1,wrong_to_correct,2770,American Pie 2,American Pie 2,Comedy,30000000,108.0,mid_scale,0.0,89,109,0,1,J.B. Rogers,medium,budget_mid
hit,hit,hit,0.2498040590642681,0.24494041488798657,0.5052555260477453,0.07031986747853664,0.02400554453012961,0.9056745879913337,0.5052555260477453,0.9056745879913337,0.5052555260477453,0.9056745879913337,0.40041906194358845,1,1,stable_correct,89,Indiana Jones and the Last Crusade,Indiana Jones and the Last Crusade,Adventure,48000000,127.0,indie,0.6785714285714286,51,46,2,0,Steven Spielberg,long,budget_high
flop,flop,flop,0.2852061809818704,0.5218741746000537,0.19291964441807596,0.3060920597815387,0.5879752470397784,0.10593269317868288,0.5218741746000537,0.5879752470397784,0.5218741746000537,0.5879752470397784,0.06610107243972474,1,1,stable_correct,9053,DOA: Dead or Alive,DOA: Dead or Alive,Adventure,21000000,87.0,large_scale,0.0,18,8,0,0,Corey Yuen Kwai,short,budget_mid
hit,flop,average,0.3575977786295276,0.3629112723633532,0.27949094900711924,0.48829177465503315,0.32537712079804565,0.18633110454692126,0.3629112723633532,0.48829177465503315,0.27949094900711924,0.18633110454692126,-0.09315984446019798,0,0,stable_wrong,1954,The Butterfly Effect,The Butterfly Effect,Science Fiction,13000000,113.0,large_scale,0.0,28,125,0,0,Eric Bress,medium,budget_low
hit,average,average,0.43057856385253446,0.27210344794180613,0.2973179882056594,0.4800446933272848,0.28752869425768063,0.23242661241503465,0.43057856385253446,0.4800446933272848,0.2973179882056594,0.23242661241503465,-0.06489137579062476,0,0,stable_wrong,293863,The Age of Adaline,The Age of Adaline,Fantasy,25000000,112.0,mid_scale,0.06428571428571428,35,22,1,0,Lee Toland Krieger,medium,budget_mid
average,flop,flop,0.3523099853251513,0.4545054118561412,0.19318460281870758,0.3764200981845206,0.3827422005358389,0.24083770127964044,0.4545054118561412,0.3827422005358389,0.3523099853251513,0.3764200981845206,0.024110112859369315,0,0,stable_wrong,106747,Machete Kills,Machete Kills,Action,12000000,107.0,large_scale,0.47732919254658385,22,42,1,0,Robert Rodriguez,medium,budget_low
flop,hit,hit,0.24659460456796814,0.23523953956837576,0.5181658558636562,0.37477018765756903,0.12850099343331023,0.49672881890912063,0.5181658558636562,0.49672881890912063,0.23523953956837576,0.12850099343331023,-0.10673854613506553,0,0,stable_wrong,48572,Red State,Red State,Horror,4000000,88.0,mid_scale,0.4164596273291925,38,11,1,0,Kevin Smith,short,budget_low
hit,flop,flop,0.2543828108215457,0.6411606043005879,0.1044565848778664,0.26965145814679436,0.5200171598511094,0.21033138200209622,0.6411606043005879,0.5200171598511094,0.1044565848778664,0.21033138200209622,0.10587479712422983,0,0,stable_wrong,146,"Crouching Tiger, Hidden Dragon",卧虎藏龙,Adventure,17000000,120.0,large_scale,0.09130434782608694,12,13,0,0,Ang Lee,medium,budget_mid
hit,average,hit,0.45841887187096775,0.22363784511620197,0.31794328301283026,0.43565182827112764,0.026997241400678135,0.5373509303281943,0.45841887187096775,0.5373509303281943,0.31794328301283026,0.5373509303281943,0.219407647315364,0,1,wrong_to_correct,2502,The Bourne Supremacy,The Bourne Supremacy,Action,75000000,108.0,large_scale,0.2046583850931677,46,160,2,1,Paul Greengrass,medium,budget_high
average,hit,average,0.32593642354164665,0.25140563526224335,0.42265794119611,0.4730504168058477,0.1434470510797824,0.3835025321143699,0.42265794119611,0.4730504168058477,0.32593642354164665,0.4730504168058477,0.14711399326420105,0,1,wrong_to_correct,8741,The Thin Red Line,The Thin Red Line,Drama,52000000,170.0,mid_scale,0.28757763975155276,26,20,4,1,Terrence Malick,long,budget_high
hit,hit,hit,0.23855676610510013,0.37452091387491093,0.38692232001998894,0.30965865450568053,0.2740853351527053,0.41625601034161414,0.38692232001998894,0.41625601034161414,0.38692232001998894,0.41625601034161414,0.029333690321625194,1,1,stable_correct,11090,The Animal,The Animal,Action,22000000,84.0,indie,0.10993788819875774,14,97,1,0,Luke Greenfield,short,budget_mid
average,average,hit,0.45786869090609755,0.17886541894264743,0.36326589015125516,0.340203925168611,0.1729025955987074,0.4868934792326816,0.45786869090609755,0.4868934792326816,0.45786869090609755,0.340203925168611,-0.11766476573748658,1,0,correct_to_wrong,82703,Mr. Peabody & Sherman,Mr. Peabody & Sherman,Animation,145000000,92.0,mid_scale,0.10993788819875774,51,11,1,0,Rob Minkoff,medium,budget_high
hit,flop,hit,0.21688250049483968,0.46599268081981665,0.3171248186853436,0.0778643357513632,0.13999148040226347,0.7821441838463732,0.46599268081981665,0.7821441838463732,0.3171248186853436,0.7821441838463732,0.4650193651610296,0,1,wrong_to_correct,43839,Alexander's Ragtime Band,Alexander's Ragtime Band,Drama,2000000,106.0,indie,0.0,28,11,0,0,Henry King,medium,budget_low
hit,hit,flop,0.1855856148879265,0.2931141723355285,0.521300212776545,0.1971371007105578,0.40210689601914035,0.40075600327030175,0.521300212776545,0.40210689601914035,0.521300212776545,0.40075600327030175,-0.12054420950624328,1,0,correct_to_wrong,272878,Max,Max,Adventure,20000000,111.0,mid_scale,0.03043478260869565,34,15,0,0,Boaz Yakin,medium,budget_mid
hit,hit,hit,0.3272425178020197,0.23211178040169883,0.4406457017962814,0.33371916761198583,0.28399794391432065,0.3822828884736935,0.4406457017962814,0.3822828884736935,0.4406457017962814,0.3822828884736935,-0.05836281332258786,1,1,stable_correct,157350,Divergent,Divergent,Adventure,85000000,139.0,indie,0.0795031055900621,21,95,1,0,Neil Burger,long,budget_high
average,average,average,0.4443464427967048,0.1638857868660971,0.39176777033719806,0.5389817917276114,0.2540609543841379,0.2069572538882507,0.4443464427967048,0.5389817917276114,0.4443464427967048,0.5389817917276114,0.09463534893090658,1,1,stable_correct,8452,The 6th Day,The 6th Day,Science Fiction,82000000,123.0,indie,0.14378881987577638,12,56,2,0,Roger Spottiswoode,long,budget_high
average,average,hit,0.37889247947996774,0.2881160517593327,0.3329914687606995,0.08772691114274848,0.029747119860506342,0.8825259689967452,0.37889247947996774,0.8825259689967452,0.37889247947996774,0.08772691114274848,-0.29116556833721924,1,0,correct_to_wrong,329833,Zoolander 2,Zoolander 2,Comedy,50000000,100.0,indie,0.3180124223602484,124,17,4,1,Ben Stiller,medium,budget_high
average,average,average,0.37270979311946784,0.26085241631571304,0.36643779056481907,0.4145876297514707,0.2983356877021282,0.2870766825464012,0.37270979311946784,0.4145876297514707,0.37270979311946784,0.4145876297514707,0.04187783663200284,1,1,stable_correct,76285,Percy Jackson: Sea of Monsters,Percy Jackson: Sea of Monsters,Adventure,90000000,106.0,large_scale,0.09472049689440992,22,29,1,0,Thor Freudenthal,medium,budget_high
average,average,hit,0.40517976033515357,0.33324591109517643,0.26157432856967006,0.3485156138326814,0.13239841797911042,0.5190859681882081,0.40517976033515357,0.5190859681882081,0.40517976033515357,0.3485156138326814,-0.056664146502472146,1,0,correct_to_wrong,227735,Dolphin Tale 2,Dolphin Tale 2,Family,36000000,107.0,mid_scale,0.0795031055900621,62,26,1,1,Charles Martin Smith,medium,budget_mid
average,average,average,0.6096474773377097,0.08856708728046274,0.30178543538182734,0.6624363168688403,0.132761579700113,0.20480210343104668,0.6096474773377097,0.6624363168688403,0.6096474773377097,0.6624363168688403,0.05278883953113056,1,1,stable_correct,27022,The Sorcerer's Apprentice,The Sorcerer's Apprentice,Fantasy,150000000,109.0,large_scale,0.12515527950310557,14,5,1,0,Jon Turteltaub,medium,budget_high
hit,flop,flop,0.3361778058086333,0.470443982571727,0.19337821161963975,0.2663793410022628,0.6234328621338746,0.11018779686386261,0.470443982571727,0.6234328621338746,0.19337821161963975,0.11018779686386261,-0.08319041475577714,0,0,stable_wrong,10090,Reno 911!: Miami,Reno 911!: Miami,Action,10000000,84.0,large_scale,0.0,28,20,0,0,Ben Garant,short,budget_low
flop,flop,flop,0.23803635099462167,0.42752495098110227,0.3344386980242761,0.1542057108646076,0.6810436006272305,0.16475068850816196,0.42752495098110227,0.6810436006272305,0.42752495098110227,0.6810436006272305,0.2535186496461282,1,1,stable_correct,175541,Black Nativity,Black Nativity,Drama,17500000,93.0,indie,0.0,9,14,0,0,Kasi Lemmons,medium,budget_mid
flop,hit,hit,0.09601810820358474,0.0802286242680024,0.8237532675284128,0.03813735669057548,0.01599885352541122,0.9458637897840134,0.8237532675284128,0.9458637897840134,0.0802286242680024,0.01599885352541122,-0.06422977074259117,0,0,stable_wrong,19,Metropolis,Metropolis,Drama,92620000,153.0,indie,0.0,21,22,0,1,Fritz Lang,long,budget_high
flop,average,average,0.3760023783115568,0.3257273757255834,0.29827024596285967,0.792509540421667,0.08598656908837402,0.12150389048995891,0.3760023783115568,0.792509540421667,0.3257273757255834,0.08598656908837402,-0.2397408066372094,0,0,stable_wrong,4421,G.I. Jane,G.I. Jane,Action,50000000,125.0,large_scale,0.3826086956521739,14,16,0,0,Ridley Scott,long,budget_high
flop,flop,hit,0.27585939575694696,0.4371793562834353,0.2869612479596178,0.32894595536145327,0.31785525224535005,0.35319879239319674,0.4371793562834353,0.35319879239319674,0.4371793562834353,0.31785525224535005,-0.11932410403808524,1,0,correct_to_wrong,242095,The Signal,The Signal,Thriller,4000000,95.0,mid_scale,0.06428571428571428,12,52,1,0,William Eubank,medium,budget_low
hit,flop,flop,0.23497656046817508,0.42831822815658216,0.3367052113752428,0.29679564142806447,0.45249567018758197,0.2507086883843535,0.42831822815658216,0.45249567018758197,0.3367052113752428,0.2507086883843535,-0.08599652299088928,0,0,stable_wrong,11637,Are We There Yet?,Are We There Yet?,Adventure,32000000,95.0,mid_scale,0.04565217391304347,13,14,0,0,Brian Levant,medium,budget_mid
hit,flop,hit,0.3645398741822942,0.41255192859471834,0.22290819722298755,0.10601845405503971,0.3222583827022997,0.5717231632426605,0.41255192859471834,0.5717231632426605,0.22290819722298755,0.5717231632426605,0.34881496601967293,0,1,wrong_to_correct,423,The Pianist,The Pianist,Drama,35000000,150.0,large_scale,0.0608695652173913,74,45,0,1,Roman Polanski,long,budget_mid
hit,average,average,0.40723361785994905,0.22429797858014383,0.36846840355990707,0.4192954767285414,0.26826991830642555,0.31243460496503306,0.40723361785994905,0.4192954767285414,0.36846840355990707,0.31243460496503306,-0.05603379859487401,0,0,stable_wrong,9718,Talladega Nights: The Ballad of Ricky Bobby,Talladega Nights: The Ballad of Ricky Bobby,Comedy,72500000,116.0,indie,0.2046583850931677,24,14,2,0,Adam McKay,medium,budget_high
hit,average,average,0.45920251202311674,0.40695937443749136,0.13383811353939198,0.4059095534405911,0.3219405318907742,0.27214991466863475,0.45920251202311674,0.4059095534405911,0.13383811353939198,0.27214991466863475,0.13831180112924277,0,0,stable_wrong,9762,Step Up,Step Up,Music,12000000,104.0,mid_scale,0.0608695652173913,114,30,0,0,Anne Fletcher,medium,budget_low
hit,flop,flop,0.26740501643592346,0.5667040754109604,0.16589090815311616,0.17560636894723247,0.7388965060724384,0.0854971249803292,0.5667040754109604,0.7388965060724384,0.16589090815311616,0.0854971249803292,-0.08039378317278696,0,0,stable_wrong,16608,The Proposition,The Proposition,Action,2000000,104.0,large_scale,0.015217391304347825,24,34,0,0,John Hillcoat,medium,budget_low
flop,average,hit,0.38606698502855546,0.23211861909463416,0.38181439587681043,0.25286850838151687,0.1930875749053939,0.5540439167130893,0.38606698502855546,0.5540439167130893,0.23211861909463416,0.1930875749053939,-0.03903104418924025,0,0,stable_wrong,171274,Inherent Vice,Inherent Vice,Comedy,20000000,148.0,mid_scale,0.12515527950310557,101,24,1,0,Paul Thomas Anderson,long,budget_mid
average,average,average,0.35983244106188805,0.35482422300046745,0.28534333593764455,0.5782288962942111,0.2957742677748252,0.12599683593096359,0.35983244106188805,0.5782288962942111,0.35983244106188805,0.5782288962942111,0.2183964552323231,1,1,stable_correct,33909,Wall Street: Money Never Sleeps,Wall Street: Money Never Sleeps,Drama,70000000,133.0,mid_scale,0.4012422360248447,20,5,1,0,Oliver Stone,long,budget_high
hit,average,average,0.5002708813457118,0.11898562197190106,0.38074349668238716,0.4666633269353153,0.21277883652787144,0.3205578365368133,0.5002708813457118,0.4666633269353153,0.38074349668238716,0.3205578365368133,-0.06018566014557386,0,0,stable_wrong,72190,World War Z,World War Z,Action,200000000,116.0,large_scale,0.14037267080745341,22,31,1,0,Marc Forster,medium,budget_high
flop,hit,average,0.3079173906599987,0.33412602594278207,0.3579565833972192,0.41224533534592256,0.37817443442583276,0.20958023022824473,0.3579565833972192,0.41224533534592256,0.33412602594278207,0.37817443442583276,0.044048408483050694,0,0,stable_wrong,58680,Woo,Woo,Comedy,13000000,84.0,mid_scale,0.0,12,2,0,0,Daisy von Scherler Mayer,short,budget_low
hit,average,average,0.39990413531875896,0.3322078876707356,0.26788797701050543,0.5410669850721862,0.24213286130741385,0.2168001536204001,0.39990413531875896,0.5410669850721862,0.26788797701050543,0.2168001536204001,-0.05108782339010534,0,0,stable_wrong,816,Austin Powers: International Man of Mystery,Austin Powers: International Man of Mystery,Science Fiction,16500000,94.0,mid_scale,0.14037267080745341,27,22,1,0,Jay Roach,medium,budget_mid
flop,average,average,0.5885492069483347,0.216869974027435,0.19458081902423036,0.5033910090470363,0.3063369620813643,0.1902720288715995,0.5885492069483347,0.5033910090470363,0.216869974027435,0.3063369620813643,0.0894669880539293,0,0,stable_wrong,7364,Sahara,Sahara,Action,130000000,124.0,large_scale,0.14378881987577638,16,107,2,0,Breck Eisner,long,budget_high
hit,hit,hit,0.23968597537637445,0.3746121896556262,0.38570183496799937,0.21657278498805874,0.14396824726755575,0.6394589677443855,0.38570183496799937,0.6394589677443855,0.38570183496799937,0.6394589677443855,0.2537571327763861,1,1,stable_correct,680,Pulp Fiction,Pulp Fiction,Thriller,8000000,154.0,mid_scale,0.34844720496894405,54,43,4,0,Quentin Tarantino,long,budget_low
hit,flop,hit,0.24657106081357216,0.5108954896193225,0.24253344956710543,0.29896537422832326,0.21438036532418614,0.48665426044749066,0.5108954896193225,0.48665426044749066,0.24253344956710543,0.48665426044749066,0.24412081088038523,0,1,wrong_to_correct,627,Trainspotting,Trainspotting,Drama,4000000,93.0,large_scale,0.1555900621118012,23,44,1,0,Danny Boyle,medium,budget_low
hit,average,flop,0.43881824793108243,0.31192708992512497,0.24925466214379255,0.4456022501362102,0.4690473672746095,0.08535038258918026,0.43881824793108243,0.4690473672746095,0.24925466214379255,0.08535038258918026,-0.1639042795546123,0,0,stable_wrong,22345,Baby Geniuses,Baby Geniuses,Science Fiction,12000000,97.0,mid_scale,0.015217391304347825,6,3,0,0,Bob Clark,medium,budget_low
average,flop,flop,0.240142226832246,0.4597425897836435,0.3001151833841104,0.23637838108181153,0.6058656215765099,0.15775599734167864,0.4597425897836435,0.6058656215765099,0.240142226832246,0.23637838108181153,-0.0037638457504344802,0,0,stable_wrong,9100,The Craft,The Craft,Drama,15000000,101.0,indie,0.015217391304347825,15,7,0,0,Andrew Fleming,medium,budget_low
average,flop,flop,0.2501359329277694,0.486093263572396,0.2637708034998345,0.2860514325473373,0.464681037103009,0.2492675303496537,0.486093263572396,0.464681037103009,0.2501359329277694,0.2860514325473373,0.03591549961956786,0,0,stable_wrong,167,K-PAX,K-PAX,Drama,48000000,120.0,mid_scale,0.04565217391304347,30,58,0,0,Iain Softley,medium,budget_high
hit,average,average,0.38769196605018297,0.36002066588902076,0.2522873680607962,0.4568212503790865,0.37067557077779684,0.17250317884311672,0.38769196605018297,0.4568212503790865,0.2522873680607962,0.17250317884311672,-0.07978418921767949,0,0,stable_wrong,158015,The Purge,The Purge,Science Fiction,3000000,86.0,large_scale,0.015217391304347825,15,11,0,0,James DeMonaco,short,budget_low
hit,flop,flop,0.24984358266392076,0.5001572804879435,0.24999913684813577,0.20346681485116516,0.5656855704749741,0.2308476146738608,0.5001572804879435,0.5656855704749741,0.24999913684813577,0.2308476146738608,-0.01915152217427496,0,0,stable_wrong,253331,Black or White,Black or White,Drama,9000000,121.0,indie,0.0795031055900621,32,10,1,0,Mike Binder,long,budget_low
average,average,average,0.4374851895902891,0.35513732142179033,0.20737748898792058,0.6138602934401839,0.2285439555470036,0.15759575101281245,0.4374851895902891,0.6138602934401839,0.4374851895902891,0.6138602934401839,0.1763751038498948,1,1,stable_correct,11679,xXx: State of the Union,xXx: State of the Union,Action,60000000,101.0,mid_scale,0.17422360248447202,15,111,2,0,Lee Tamahori,medium,budget_high
average,average,average,0.4230418014537908,0.15641155108622684,0.42054664745998244,0.502347284464553,0.26880021262519055,0.22885250291025655,0.4230418014537908,0.502347284464553,0.4230418014537908,0.502347284464553,0.07930548301076223,1,1,stable_correct,24438,Did You Hear About the Morgans?,Did You Hear About the Morgans?,Comedy,58000000,103.0,mid_scale,0.03043478260869565,16,12,0,0,Marc Lawrence,medium,budget_high
average,hit,average,0.2872948582366974,0.25173930564504376,0.46096583611825886,0.3643756646742883,0.32114285602538156,0.31448147930033016,0.46096583611825886,0.3643756646742883,0.2872948582366974,0.3643756646742883,0.07708080643759085,0,1,wrong_to_correct,10545,The Hunchback of Notre Dame,The Hunchback of Notre Dame,Drama,100000000,91.0,indie,0.015217391304347825,17,35,0,0,Gary Trousdale,medium,budget_high
average,average,hit,0.45368130101816384,0.2693878839059657,0.2769308150758706,0.3772926674562622,0.20077140382339465,0.421935928720343,0.45368130101816384,0.421935928720343,0.45368130101816384,0.3772926674562622,-0.07638863356190162,1,0,correct_to_wrong,261023,Black Mass,Black Mass,Crime,53000000,122.0,large_scale,0.1590062111801242,65,79,2,0,Scott Cooper,long,budget_high
hit,flop,hit,0.20473903277421124,0.5014034554659693,0.29385751175981933,0.19494264743537823,0.3324477568577817,0.4726095957068401,0.5014034554659693,0.4726095957068401,0.29385751175981933,0.4726095957068401,0.17875208394702075,0,1,wrong_to_correct,10229,A Walk to Remember,A Walk to Remember,Drama,11000000,101.0,mid_scale,0.3065217391304348,31,14,0,0,Adam Shankman,medium,budget_low
hit,hit,average,0.371874096601502,0.16197311613213147,0.4661527872663664,0.4785150263716109,0.16731952896043248,0.35416544466795663,0.4661527872663664,0.4785150263716109,0.4661527872663664,0.35416544466795663,-0.11198734259840976,1,0,correct_to_wrong,345,Eyes Wide Shut,Eyes Wide Shut,Mystery,65000000,159.0,mid_scale,0.2046583850931677,17,18,2,0,Stanley Kubrick,long,budget_high
hit,average,hit,0.3857014128159823,0.25222959766077435,0.36206898952324335,0.36182795148960384,0.1951189681561696,0.4430530803542267,0.3857014128159823,0.4430530803542267,0.36206898952324335,0.4430530803542267,0.08098409083098335,0,1,wrong_to_correct,114,Pretty Woman,Pretty Woman,Romance,14000000,119.0,indie,0.1555900621118012,17,10,1,0,Garry Marshall,medium,budget_low
hit,hit,average,0.3531603161034873,0.2556931692567618,0.39114651463975086,0.3917840054506396,0.23322936477515407,0.37498662977420627,0.39114651463975086,0.3917840054506396,0.39114651463975086,0.37498662977420627,-0.016159884865544594,1,0,correct_to_wrong,172,Star Trek V: The Final Frontier,Star Trek V: The Final Frontier,Science Fiction,30000000,107.0,indie,0.0,14,10,0,1,William Shatner,medium,budget_mid
average,hit,flop,0.24827903280937696,0.2172016025372719,0.5345193646533511,0.36393122992920013,0.37846353065854554,0.25760523941225427,0.5345193646533511,0.37846353065854554,0.24827903280937696,0.36393122992920013,0.11565219711982316,0,0,stable_wrong,9645,Ghost Ship,Ghost Ship,Horror,35000000,91.0,large_scale,0.0,11,105,0,0,Steve Beck,medium,budget_mid
average,flop,flop,0.35223240341121964,0.5181788098142549,0.1295887867745255,0.2813010841355756,0.6119664899129211,0.10673242595150322,0.5181788098142549,0.6119664899129211,0.35223240341121964,0.2813010841355756,-0.07093131927564406,0,0,stable_wrong,53457,Sarah's Key,Elle s'appelait Sarah,Drama,10000000,111.0,large_scale,0.0,13,14,0,0,Gilles Paquet-Brenner,medium,budget_low
average,hit,flop,0.22977479880289478,0.3525946175169197,0.41763058368018546,0.24353041175503026,0.4717299738159316,0.2847396144290381,0.41763058368018546,0.4717299738159316,0.22977479880289478,0.24353041175503026,0.013755612952135482,0,0,stable_wrong,198185,Million Dollar Arm,Million Dollar Arm,Drama,25000000,124.0,indie,0.04565217391304347,14,2,0,0,Craig Gillespie,long,budget_mid
flop,flop,flop,0.33857588900347446,0.531408536802533,0.13001557419399254,0.32113705773714346,0.5916725529315239,0.08719038933133264,0.531408536802533,0.5916725529315239,0.531408536802533,0.5916725529315239,0.060264016128990905,1,1,stable_correct,27936,Micmacs,Micmacs à tire-larigot,Action,33000000,100.0,large_scale,0.04565217391304347,12,13,0,0,Jean-Pierre Jeunet,medium,budget_mid
flop,hit,average,0.3737311233739248,0.1904478487657798,0.43582102786029536,0.44491394358757597,0.1504154614402602,0.40467059497216384,0.43582102786029536,0.44491394358757597,0.1904478487657798,0.1504154614402602,-0.040032387325519614,0,0,stable_wrong,201088,Blackhat,Blackhat,Crime,70000000,133.0,mid_scale,0.0608695652173913,19,54,0,0,Michael Mann,long,budget_high
average,flop,flop,0.28591920958412476,0.4110057838969618,0.3030750065189135,0.23422963220559428,0.6481509393377971,0.1176194284566087,0.4110057838969618,0.6481509393377971,0.28591920958412476,0.23422963220559428,-0.05168957737853047,0,0,stable_wrong,1921,Sweet November,Sweet November,Drama,40000000,119.0,indie,0.0,15,20,0,0,Pat O'Connor,medium,budget_mid
hit,flop,average,0.3869738407659289,0.39743377104001865,0.21559238819405255,0.4647733808688121,0.2545737131073193,0.2806529060238686,0.39743377104001865,0.4647733808688121,0.21559238819405255,0.2806529060238686,0.06506051782981606,0,0,stable_wrong,267860,London Has Fallen,London Has Fallen,Action,60000000,99.0,mid_scale,0.12857142857142856,29,101,2,0,Babak Najafi,medium,budget_high
hit,flop,flop,0.26917611554452636,0.4936316474701465,0.23719223698532707,0.15300532892199156,0.6248200245608282,0.22217464651718022,0.4936316474701465,0.6248200245608282,0.23719223698532707,0.22217464651718022,-0.015017590468146852,0,0,stable_wrong,11690,Bloodsport,Bloodsport,Action,1500000,92.0,indie,0.0,9,12,0,0,Newt Arnold,medium,budget_low
flop,hit,hit,0.3595035868181248,0.27425728131394794,0.3662391318679272,0.3743172693541419,0.2203332189508706,0.4053495116949876,0.3662391318679272,0.4053495116949876,0.27425728131394794,0.2203332189508706,-0.05392406236307734,0,0,stable_wrong,41283,Faster,Faster,Crime,24000000,98.0,mid_scale,0.09472049689440992,20,74,1,0,"George Tillman, Jr.",medium,budget_mid
hit,hit,hit,0.2765087898356293,0.23804041278657279,0.4854507973777978,0.19770770760470835,0.0484974424976531,0.7537948498976386,0.4854507973777978,0.7537948498976386,0.4854507973777978,0.7537948498976386,0.2683440525198408,1,1,stable_correct,330,The Lost World: Jurassic Park,The Lost World: Jurassic Park,Adventure,73000000,129.0,indie,0.6785714285714286,23,97,2,0,Steven Spielberg,long,budget_high
hit,average,hit,0.39493043215683366,0.29833390063228277,0.3067356672108836,0.09655589924661494,0.021479130319607825,0.8819649704337772,0.39493043215683366,0.8819649704337772,0.3067356672108836,0.8819649704337772,0.5752293032228937,0,1,wrong_to_correct,408,Snow White and the Seven Dwarfs,Snow White and the Seven Dwarfs,Fantasy,1488423,83.0,indie,0.015217391304347825,13,105,0,0,David Hand,short,budget_low
hit,flop,hit,0.24454443129643216,0.5260715024503579,0.2293840662532099,0.2426967755134686,0.3482406736148994,0.409062550871632,0.5260715024503579,0.409062550871632,0.2293840662532099,0.409062550871632,0.17967848461842212,0,1,wrong_to_correct,80,Before Sunset,Before Sunset,Drama,2700000,80.0,mid_scale,0.3065217391304348,10,15,0,0,Richard Linklater,short,budget_low
flop,hit,hit,0.29313679185509667,0.12525218412820685,0.5816110240166965,0.2874436432996938,0.23771191075605685,0.47484444594424935,0.5816110240166965,0.47484444594424935,0.12525218412820685,0.23771191075605685,0.11245972662785,0,0,stable_wrong,11026,Exorcist: The Beginning,Exorcist: The Beginning,Horror,80000000,114.0,indie,0.3826086956521739,26,13,0,1,Renny Harlin,medium,budget_high
average,hit,hit,0.3532063510424059,0.20965381671959002,0.4371398322380041,0.2776560585378474,0.35508936559074555,0.3672545758714071,0.4371398322380041,0.3672545758714071,0.3532063510424059,0.2776560585378474,-0.07555029250455847,0,0,stable_wrong,16363,The Best Little Whorehouse in Texas,The Best Little Whorehouse in Texas,Comedy,35000000,114.0,indie,0.0,37,18,0,0,Colin Higgins,medium,budget_mid
flop,hit,hit,0.2260197512922897,0.21356048252009396,0.5604197661876164,0.22829279968999017,0.29322522303405574,0.478481977275954,0.5604197661876164,0.478481977275954,0.21356048252009396,0.29322522303405574,0.07966474051396177,0,0,stable_wrong,10972,Session 9,Session 9,Horror,1500000,100.0,mid_scale,0.04565217391304347,9,31,0,0,Brad Anderson,medium,budget_low
flop,flop,hit,0.28965985903403507,0.3890266761722674,0.32131346479369755,0.2985366580850812,0.2835596080299152,0.4179037338850036,0.3890266761722674,0.4179037338850036,0.3890266761722674,0.2835596080299152,-0.10546706814235218,1,0,correct_to_wrong,2669,The Bounty,The Bounty,Action,25000000,132.0,indie,0.2537267080745341,28,17,3,0,Roger Donaldson,long,budget_mid
hit,hit,flop,0.1849414088165228,0.3411452221671406,0.47391336901633646,0.23955047033860713,0.43999093960292507,0.32045859005846783,0.47391336901633646,0.43999093960292507,0.47391336901633646,0.32045859005846783,-0.15345477895786863,1,0,correct_to_wrong,26748,Lone Star,Lone Star,Drama,5000000,135.0,mid_scale,0.0795031055900621,21,24,1,0,John Sayles,long,budget_low
hit,flop,flop,0.33111659835594687,0.37221557991263354,0.29666782173141953,0.29649515055129994,0.3776011919803051,0.32590365746839495,0.37221557991263354,0.3776011919803051,0.29666782173141953,0.32590365746839495,0.029235835736975413,0,0,stable_wrong,13836,Race to Witch Mountain,Race to Witch Mountain,Adventure,50000000,98.0,indie,0.14037267080745341,45,10,1,0,Andy Fickman,medium,budget_high
flop,flop,flop,0.27615931970759844,0.4678317849470952,0.2560088953453064,0.20735069707079617,0.7056010829673811,0.08704821996182256,0.4678317849470952,0.7056010829673811,0.4678317849470952,0.7056010829673811,0.2377692980202859,1,1,stable_correct,22256,Without Limits,Without Limits,Drama,25000000,117.0,indie,0.0,12,4,0,0,Robert Towne,medium,budget_mid
flop,average,flop,0.4769922968719507,0.24956438445265228,0.27344331867539695,0.2582590841298342,0.5314041925897522,0.21033672328041358,0.4769922968719507,0.5314041925897522,0.24956438445265228,0.5314041925897522,0.28183980813709997,0,1,wrong_to_correct,227707,The Adventurer: The Curse of the Midas Box,The Adventurer: The Curse of the Midas Box,Fantasy,25000000,99.0,large_scale,0.0,31,32,0,0,Jonathan Newman,medium,budget_mid
hit,average,average,0.4264261526958096,0.30955698215151567,0.2640168651526746,0.546211276559672,0.28295286321220736,0.17083586022812056,0.4264261526958096,0.546211276559672,0.2640168651526746,0.17083586022812056,-0.09318100492455403,0,0,stable_wrong,18126,Hannah Montana: The Movie,Hannah Montana: The Movie,Comedy,35000000,102.0,mid_scale,0.04565217391304347,15,41,0,0,Peter Chelsom,medium,budget_mid
hit,average,flop,0.400146318333098,0.30746040529676466,0.29239327637013734,0.34280975414623854,0.5194835102231055,0.1377067356306559,0.400146318333098,0.5194835102231055,0.29239327637013734,0.1377067356306559,-0.15468654073948143,0,0,stable_wrong,273895,Selma,Selma,History,20000000,127.0,large_scale,0.0,38,18,0,0,Ava DuVernay,long,budget_mid
flop,average,flop,0.44368636782571486,0.2820492725182593,0.27426435965602575,0.3774052333444609,0.49557112758622623,0.127023639069313,0.44368636782571486,0.49557112758622623,0.2820492725182593,0.49557112758622623,0.21352185506796695,0,1,wrong_to_correct,9849,My Favorite Martian,My Favorite Martian,Comedy,65000000,94.0,indie,0.0608695652173913,8,6,0,0,Donald Petrie,medium,budget_high
hit,hit,hit,0.28000660025819935,0.16651464113471007,0.5534787586070906,0.12837255205264017,0.028755134448892893,0.842872313498467,0.5534787586070906,0.842872313498467,0.5534787586070906,0.842872313498467,0.2893935548913764,1,1,stable_correct,214756,Ted 2,Ted 2,Comedy,68000000,115.0,large_scale,0.14378881987577638,105,76,2,1,Seth MacFarlane,medium,budget_high
hit,flop,flop,0.27851301325919037,0.4798612218430758,0.24162576489773382,0.2085980628686023,0.6016064685391633,0.18979546859223445,0.4798612218430758,0.6016064685391633,0.24162576489773382,0.18979546859223445,-0.051830296305499374,0,0,stable_wrong,77866,Contraband,Contraband,Thriller,25000000,109.0,large_scale,0.1590062111801242,15,17,2,0,Baltasar Kormákur,medium,budget_mid
hit,hit,hit,0.18400974077200336,0.35773381570272333,0.4582564435252733,0.2336224534566078,0.24481562222049927,0.521561924322893,0.4582564435252733,0.521561924322893,0.4582564435252733,0.521561924322893,0.06330548079761966,1,1,stable_correct,101267,Katy Perry: Part of Me,Katy Perry: Part of Me,Documentary,12000000,93.0,mid_scale,0.0,11,13,0,1,Dan Cutforth,medium,budget_low
flop,hit,hit,0.2071967687374655,0.38783298377189773,0.40497024749063687,0.2368678845800234,0.2952296597487802,0.46790245567119637,0.40497024749063687,0.46790245567119637,0.38783298377189773,0.2952296597487802,-0.09260332402311755,0,0,stable_wrong,301365,The Neon Demon,The Neon Demon,Thriller,7000000,117.0,mid_scale,0.04565217391304347,16,60,0,0,Nicolas Winding Refn,medium,budget_low
flop,hit,hit,0.34230288261392167,0.2794651037503241,0.3782320136357543,0.3901177157729038,0.1821746536493982,0.4277076305776981,0.3782320136357543,0.4277076305776981,0.2794651037503241,0.1821746536493982,-0.09729045010092588,0,0,stable_wrong,210860,Mortdecai,Mortdecai,Comedy,60000000,106.0,mid_scale,0.2385093167701863,14,61,3,0,David Koepp,medium,budget_high
hit,hit,hit,0.2790257941325626,0.33682244215862656,0.38415176370881093,0.16820373401883804,0.04780120678972973,0.7839950591914323,0.38415176370881093,0.7839950591914323,0.38415176370881093,0.7839950591914323,0.3998432954826214,1,1,stable_correct,874,A Man for All Seasons,A Man for All Seasons,Drama,3900000,120.0,indie,0.03043478260869565,25,15,0,1,Fred Zinnemann,medium,budget_low
hit,average,average,0.390701603202795,0.2819982057435248,0.3273001910536802,0.4636986378466255,0.25233888228130713,0.28396247987206724,0.390701603202795,0.4636986378466255,0.3273001910536802,0.28396247987206724,-0.04333771118161295,0,0,stable_wrong,138832,We're the Millers,We're the Millers,Comedy,37000000,110.0,large_scale,0.03043478260869565,17,43,0,0,Rawson Marshall Thurber,medium,budget_mid
flop,flop,flop,0.2846655683452315,0.3657263898215841,0.34960804183318434,0.27931196100099237,0.49018427196704845,0.23050376703195918,0.3657263898215841,0.49018427196704845,0.3657263898215841,0.49018427196704845,0.12445788214546433,1,1,stable_correct,9582,A Guy Thing,A Guy Thing,Comedy,20000000,101.0,indie,0.0,16,11,0,0,Chris Koch,medium,budget_mid
hit,average,average,0.3864459988125523,0.24889096723306312,0.36466303395438443,0.4323168445000086,0.21695071856253884,0.3507324369374526,0.3864459988125523,0.4323168445000086,0.36466303395438443,0.3507324369374526,-0.013930597016931834,0,0,stable_wrong,71552,American Reunion,American Reunion,Comedy,50000000,113.0,indie,0.0,22,11,0,1,Jon Hurwitz,medium,budget_high
hit,flop,hit,0.2624194010108265,0.43054135632048934,0.30703924266868404,0.29573579745325757,0.2297904898549049,0.47447371269183763,0.43054135632048934,0.47447371269183763,0.30703924266868404,0.47447371269183763,0.1674344700231536,0,1,wrong_to_correct,24748,Hud,Hud,Action,2500000,112.0,indie,0.015217391304347825,17,9,0,0,Martin Ritt,medium,budget_low
hit,average,average,0.37038189058879306,0.30661978448216864,0.32299832492903835,0.3969856986120782,0.30093168424044237,0.3020826171474794,0.37038189058879306,0.3969856986120782,0.32299832492903835,0.3020826171474794,-0.020915707781558934,0,0,stable_wrong,109431,Identity Thief,Identity Thief,Comedy,35000000,111.0,mid_scale,0.0795031055900621,38,37,1,0,Seth Gordon,medium,budget_mid
flop,flop,flop,0.3441165657931557,0.3779353277078848,0.27794810649895946,0.24987345573922978,0.6755028450972672,0.07462369916350313,0.3779353277078848,0.6755028450972672,0.3779353277078848,0.6755028450972672,0.2975675173893824,1,1,stable_correct,30128,I Hope They Serve Beer in Hell,I Hope They Serve Beer in Hell,Comedy,7000000,106.0,indie,0.0,9,4,0,0,Bob Gosse,medium,budget_low
hit,average,average,0.49307300321038683,0.24380225105965123,0.2631247457299618,0.56635427888181,0.27029115649657987,0.16335456462160997,0.49307300321038683,0.56635427888181,0.2631247457299618,0.16335456462160997,-0.09977018110835184,0,0,stable_wrong,38050,The Adjustment Bureau,The Adjustment Bureau,Science Fiction,50200000,106.0,mid_scale,0.06428571428571428,20,64,1,0,George Nolfi,medium,budget_high
average,average,flop,0.3712818915182006,0.348416086069466,0.2803020224123333,0.2968791210681497,0.39517170708215615,0.3079491718496941,0.3712818915182006,0.39517170708215615,0.3712818915182006,0.2968791210681497,-0.07440277045005095,1,0,correct_to_wrong,10017,The Wraith,The Wraith,Romance,2700000,93.0,mid_scale,0.0,15,13,0,0,Mike Marvin,medium,budget_low
hit,flop,flop,0.2762797031942684,0.38987853399291,0.3338417628128215,0.3282435980492546,0.36998243744251136,0.30177396450823407,0.38987853399291,0.36998243744251136,0.3338417628128215,0.30177396450823407,-0.03206779830458745,0,0,stable_wrong,10314,She's All That,She's All That,Comedy,10000000,95.0,mid_scale,0.03043478260869565,23,8,0,0,Robert Iscove,medium,budget_low
hit,hit,hit,0.2660649602665944,0.3164195867175694,0.41751545301583626,0.20652091607174372,0.10674646295380165,0.6867326209744546,0.41751545301583626,0.6867326209744546,0.41751545301583626,0.6867326209744546,0.2692171679586184,1,1,stable_correct,580,Jaws: The Revenge,Jaws: The Revenge,Adventure,23000000,89.0,indie,0.06428571428571428,30,18,1,1,Joseph Sargent,short,budget_mid
average,average,average,0.38575347255459086,0.3760796775400734,0.2381668499053356,0.3750708299896018,0.3456368280767661,0.27929234193363217,0.38575347255459086,0.3750708299896018,0.38575347255459086,0.3750708299896018,-0.010682642564989075,1,1,stable_correct,12123,Chain Reaction,Chain Reaction,Action,50000000,107.0,mid_scale,0.1590062111801242,75,23,2,0,Andrew Davis,medium,budget_high
hit,flop,average,0.35592999380423085,0.3674666891834444,0.2766033170123247,0.4844679465354818,0.3826973880951465,0.13283466536937172,0.3674666891834444,0.4844679465354818,0.2766033170123247,0.13283466536937172,-0.143768651642953,0,0,stable_wrong,795,City of Angels,City of Angels,Drama,55000000,114.0,large_scale,0.09472049689440992,16,14,1,0,Brad Silberling,medium,budget_high
hit,hit,average,0.3047553756503667,0.32684500614818746,0.36839961820144584,0.401985136194839,0.2107379662897401,0.3872768975154209,0.36839961820144584,0.401985136194839,0.36839961820144584,0.3872768975154209,0.018877279313975037,1,0,correct_to_wrong,808,Shrek,Shrek,Adventure,60000000,90.0,mid_scale,0.17422360248447202,29,76,2,0,Andrew Adamson,medium,budget_high
hit,hit,average,0.32220717491039697,0.3111676353343489,0.3666251897552542,0.393597440832097,0.36894427518591866,0.2374582839819844,0.3666251897552542,0.393597440832097,0.3666251897552542,0.2374582839819844,-0.1291669057732698,1,0,correct_to_wrong,41210,The Switch,The Switch,Comedy,19000000,101.0,mid_scale,0.0,20,19,0,0,Josh Gordon,medium,budget_mid
hit,hit,hit,0.25798067392964763,0.307105893131677,0.43491343293867524,0.1190347019324197,0.30619386535143844,0.574771432716142,0.43491343293867524,0.574771432716142,0.43491343293867524,0.574771432716142,0.1398579997774667,1,1,stable_correct,19265,Whatever Works,Whatever Works,Comedy,15000000,92.0,mid_scale,0.3521739130434782,20,6,0,0,Woody Allen,medium,budget_low
hit,average,hit,0.3844144099752872,0.3399988657084928,0.2755867243162201,0.30141795625334444,0.06719277046930153,0.6313892732773541,0.3844144099752872,0.6313892732773541,0.2755867243162201,0.6313892732773541,0.35580254896113395,0,1,wrong_to_correct,4011,Beetlejuice,Beetlejuice,Fantasy,15000000,92.0,indie,0.43167701863354035,28,30,1,0,Tim Burton,medium,budget_low
hit,flop,average,0.3542649834042222,0.3594256623104878,0.2863093542852901,0.3960443435012277,0.23641999647040116,0.3675356600283712,0.3594256623104878,0.3960443435012277,0.2863093542852901,0.3675356600283712,0.0812263057430811,0,0,stable_wrong,59859,Kick-Ass 2,Kick-Ass 2,Action,28000000,103.0,indie,0.0795031055900621,22,18,1,1,Jeff Wadlow,medium,budget_mid
hit,average,average,0.4409035699308715,0.297912337435863,0.2611840926332655,0.6004011375227519,0.193758126119428,0.20584073635782008,0.4409035699308715,0.6004011375227519,0.2611840926332655,0.20584073635782008,-0.0553433562754454,0,0,stable_wrong,38,Eternal Sunshine of the Spotless Mind,Eternal Sunshine of the Spotless Mind,Science Fiction,20000000,108.0,mid_scale,0.28757763975155276,19,21,4,0,Michel Gondry,medium,budget_mid
hit,average,hit,0.47154673057761837,0.11047538642758784,0.4179778829947938,0.11865278441127687,0.01883444899638396,0.8625127665923392,0.47154673057761837,0.8625127665923392,0.4179778829947938,0.8625127665923392,0.4445348835975454,0,1,wrong_to_correct,676,Pearl Harbor,Pearl Harbor,History,140000000,183.0,indie,0.48074534161490684,101,114,2,1,Michael Bay,long,budget_high
hit,average,average,0.5995347632589837,0.09726292347695802,0.30320231326405833,0.45760393339403577,0.21379601057984676,0.32860005602611747,0.5995347632589837,0.45760393339403577,0.30320231326405833,0.32860005602611747,0.02539774276205914,0,0,stable_wrong,102651,Maleficent,Maleficent,Fantasy,180000000,97.0,mid_scale,0.06428571428571428,82,14,1,0,Robert Stromberg,medium,budget_high
average,hit,flop,0.24083767812334214,0.20023456444753474,0.558927757429123,0.26163417601886463,0.37992483618721434,0.35844098779392103,0.558927757429123,0.37992483618721434,0.24083767812334214,0.26163417601886463,0.020796497895522487,0,0,stable_wrong,11544,Lilo & Stitch,Lilo & Stitch,Animation,80000000,85.0,indie,0.03043478260869565,11,33,0,0,Chris Sanders,short,budget_high
hit,hit,hit,0.1793122201412708,0.24463393196981714,0.576053847888912,0.07996134089267047,0.07439015255261072,0.8456485065547188,0.576053847888912,0.8456485065547188,0.576053847888912,0.8456485065547188,0.2695946586658068,1,1,stable_correct,10014,A Nightmare on Elm Street Part 2: Freddy's Revenge,A Nightmare on Elm Street Part 2: Freddy's Revenge,Horror,3000000,87.0,indie,0.0,26,30,0,1,Jack Sholder,short,budget_low
average,flop,hit,0.27556317188877777,0.4100339926550637,0.31440283545615855,0.2758853385614931,0.3499601687297535,0.3741544927087534,0.4100339926550637,0.3741544927087534,0.27556317188877777,0.2758853385614931,0.0003221666727153405,0,0,stable_wrong,200505,Draft Day,Draft Day,Drama,25000000,109.0,indie,0.14037267080745341,19,29,1,0,Ivan Reitman,medium,budget_mid
hit,hit,hit,0.3776750856292688,0.12214087817610786,0.5001840361946233,0.314141455081755,0.05591485669393772,0.6299436882243074,0.5001840361946233,0.6299436882243074,0.5001840361946233,0.6299436882243074,0.1297596520296841,1,1,stable_correct,157336,Interstellar,Interstellar,Adventure,165000000,169.0,large_scale,0.34844720496894405,36,120,4,0,Christopher Nolan,long,budget_high
average,flop,flop,0.30535426654856423,0.3638968153411688,0.33074891811026697,0.2947544587730476,0.41084070384512356,0.29440483738182893,0.3638968153411688,0.41084070384512356,0.30535426654856423,0.2947544587730476,-0.010599807775516612,0,0,stable_wrong,865,The Running Man,The Running Man,Action,27000000,101.0,mid_scale,0.06428571428571428,16,18,1,0,Paul Michael Glaser,medium,budget_mid
flop,hit,hit,0.24039836074903384,0.18455704893145028,0.5750445903195158,0.21630817607407676,0.10682319358060213,0.6768686303453211,0.5750445903195158,0.6768686303453211,0.18455704893145028,0.10682319358060213,-0.07773385535084815,0,0,stable_wrong,7341,The Rage: Carrie 2,The Rage: Carrie 2,Horror,21000000,104.0,indie,0.0,42,40,0,1,Katt Shea,medium,budget_mid
hit,hit,flop,0.3226710988143479,0.2806324505360666,0.3966964506495855,0.23185678026158804,0.47304748236796534,0.2950957373704466,0.3966964506495855,0.47304748236796534,0.3966964506495855,0.2950957373704466,-0.10160071327913889,1,0,correct_to_wrong,9459,Woodstock,Woodstock,History,600000,225.0,indie,0.0,12,20,0,0,Michael Wadleigh,long,budget_low
hit,average,average,0.4356877465442194,0.17794733742548408,0.3863649160302965,0.49755675330515536,0.13820964546195627,0.3642336012328884,0.4356877465442194,0.49755675330515536,0.3863649160302965,0.3642336012328884,-0.022131314797408097,0,0,stable_wrong,196867,Annie,Annie,Comedy,65000000,119.0,large_scale,0.1590062111801242,40,60,2,0,Will Gluck,medium,budget_high
average,hit,hit,0.3899918970117208,0.132012873685933,0.477995229302346,0.35961306722481223,0.05186007365780626,0.5885268591173815,0.477995229302346,0.5885268591173815,0.3899918970117208,0.35961306722481223,-0.03037882978690859,0,0,stable_wrong,1639,Speed 2: Cruise Control,Speed 2: Cruise Control,Action,160000000,121.0,indie,0.17422360248447202,16,103,2,1,Jan de Bont,long,budget_high
hit,hit,hit,0.2247030958258279,0.1595523643757401,0.615744539798432,0.34917472022826773,0.18350724385471498,0.4673180359170172,0.615744539798432,0.4673180359170172,0.615744539798432,0.4673180359170172,-0.14842650388141482,1,1,stable_correct,9532,Final Destination,Final Destination,Horror,23000000,98.0,mid_scale,0.03043478260869565,13,72,0,0,James Wong,medium,budget_mid
flop,flop,flop,0.22294355507775146,0.44350202267866984,0.3335544222435787,0.2873045501583227,0.49140368136051227,0.22129176848116516,0.44350202267866984,0.49140368136051227,0.44350202267866984,0.49140368136051227,0.04790165868184243,1,1,stable_correct,8090,Untraceable,Untraceable,Drama,35000000,101.0,mid_scale,0.015217391304347825,18,25,0,0,Gregory Hoblit,medium,budget_mid
hit,hit,hit,0.24624885217592873,0.23487899791715922,0.5188721499069121,0.2646359287391187,0.3146118840973651,0.4207521871635163,0.5188721499069121,0.4207521871635163,0.5188721499069121,0.4207521871635163,-0.0981199627433958,1,1,stable_correct,77883,The Possession,The Possession,Horror,14000000,92.0,indie,0.0,14,77,0,0,Ole Bornedal,medium,budget_low
hit,average,average,0.42252556722680645,0.20493855751122472,0.3725358752619688,0.525524283467847,0.1945674860795661,0.27990823045258695,0.42252556722680645,0.525524283467847,0.3725358752619688,0.27990823045258695,-0.09262764480938185,0,0,stable_wrong,7303,Maid in Manhattan,Maid in Manhattan,Comedy,55000000,105.0,indie,0.1590062111801242,18,82,2,0,Wayne Wang,medium,budget_high
average,flop,hit,0.34015145305585814,0.38581357088088986,0.274034976063252,0.2203474264765338,0.19413815632755133,0.5855144171959148,0.38581357088088986,0.5855144171959148,0.34015145305585814,0.2203474264765338,-0.11980402657932435,0,0,stable_wrong,15186,Full Frontal,Full Frontal,Comedy,2000000,96.0,mid_scale,0.4959627329192547,17,21,2,0,Steven Soderbergh,medium,budget_low
hit,flop,hit,0.3460317621046588,0.3658914097801945,0.2880768281151467,0.3422341281543078,0.2843493446004811,0.373416527245211,0.3658914097801945,0.373416527245211,0.2880768281151467,0.373416527245211,0.08533969913006434,0,1,wrong_to_correct,29427,The Crazies,The Crazies,Mystery,20000000,101.0,mid_scale,0.015217391304347825,39,76,0,0,Breck Eisner,medium,budget_mid
average,flop,flop,0.262545426775542,0.37967499769442004,0.35777957553003803,0.2952261214082792,0.36391469772909013,0.34085918086263073,0.37967499769442004,0.36391469772909013,0.262545426775542,0.2952261214082792,0.032680694632737206,0,0,stable_wrong,12618,Random Hearts,Random Hearts,Drama,64000000,133.0,indie,0.18944099378881984,24,10,2,0,Sydney Pollack,long,budget_high
flop,hit,flop,0.32364611521832115,0.3215162770188438,0.3548376077628351,0.27447545438430465,0.6108622520502616,0.11466229356543384,0.3548376077628351,0.6108622520502616,0.3215162770188438,0.6108622520502616,0.2893459750314178,0,1,wrong_to_correct,73191,The Nutcracker,The Nutcracker,Family,19000000,93.0,indie,0.0,6,1,0,0,Emile Ardolino,medium,budget_mid
hit,average,average,0.4680742346300087,0.16673488436298997,0.36519088100700126,0.5326425461621712,0.2298444077428467,0.2375130460949821,0.4680742346300087,0.5326425461621712,0.36519088100700126,0.2375130460949821,-0.12767783491201914,0,0,stable_wrong,10137,Stuart Little,Stuart Little,Animation,133000000,84.0,mid_scale,0.04565217391304347,18,9,0,0,Rob Minkoff,short,budget_high
hit,average,hit,0.5808769962829644,0.10334351387152191,0.3157794898455136,0.4689484393343802,0.05375332494444453,0.47729823572117525,0.5808769962829644,0.47729823572117525,0.3157794898455136,0.47729823572117525,0.16151874587566167,0,1,wrong_to_correct,102899,Ant-Man,Ant-Man,Science Fiction,130000000,117.0,indie,0.09472049689440992,65,165,1,0,Peyton Reed,medium,budget_high
flop,average,flop,0.4089394503690668,0.2819604324861242,0.30910011714480906,0.34474168240362285,0.5894590375555747,0.06579928004080234,0.4089394503690668,0.5894590375555747,0.2819604324861242,0.5894590375555747,0.30749860506945054,0,1,wrong_to_correct,11398,The Art of War,The Art of War,Crime,40000000,117.0,mid_scale,0.0,7,8,0,0,Christian Duguay,medium,budget_mid
average,flop,flop,0.15929336409140898,0.662371080922986,0.17833555498560502,0.12797591123072738,0.690692422741284,0.1813316660279888,0.662371080922986,0.690692422741284,0.15929336409140898,0.12797591123072738,-0.031317452860681605,0,0,stable_wrong,164372,The Snow Queen,Снежная королева,Animation,7000000,76.0,indie,0.0,5,4,0,0,Vladlen Barbe,short,budget_low
average,average,flop,0.4100376915876598,0.3550451229742153,0.23491718543812504,0.38424334547386124,0.4963668215513805,0.11938983297475829,0.4100376915876598,0.4963668215513805,0.4100376915876598,0.38424334547386124,-0.02579434611379855,1,0,correct_to_wrong,23082,The Invention of Lying,The Invention of Lying,Comedy,18500000,100.0,large_scale,0.0,23,36,0,0,Ricky Gervais,medium,budget_mid
hit,hit,hit,0.3449814295130762,0.21956239287285234,0.43545617761407146,0.31432622476925376,0.11980028168130975,0.5658734935494365,0.43545617761407146,0.5658734935494365,0.43545617761407146,0.5658734935494365,0.13041731593536504,1,1,stable_correct,10673,Wall Street,Wall Street,Crime,15000000,126.0,indie,0.33695652173913043,95,17,0,0,Oliver Stone,long,budget_low
hit,average,average,0.4466530499341157,0.4036780404740305,0.14966890959185375,0.5173472357876124,0.41314063833793674,0.06951212587445085,0.4466530499341157,0.5173472357876124,0.14966890959185375,0.06951212587445085,-0.0801567837174029,0,0,stable_wrong,8872,Wayne's World,Wayne's World,Music,20000000,94.0,indie,0.0,18,10,0,0,Penelope Spheeris,medium,budget_mid
average,hit,hit,0.2022801039176822,0.30441814121896726,0.49330175486335054,0.2685036897190588,0.3545180029953893,0.3769783072855519,0.49330175486335054,0.3769783072855519,0.2022801039176822,0.2685036897190588,0.0662235858013766,0,0,stable_wrong,9779,The Sisterhood of the Traveling Pants,The Sisterhood of the Traveling Pants,Drama,25000000,119.0,mid_scale,0.04565217391304347,34,15,0,0,Ken Kwapis,medium,budget_mid
hit,average,flop,0.43583073371305914,0.29947184033422236,0.26469742595271833,0.3977844822031474,0.4905306017649625,0.11168491603189008,0.43583073371305914,0.4905306017649625,0.26469742595271833,0.11168491603189008,-0.15301250992082827,0,0,stable_wrong,508,Love Actually,Love Actually,Comedy,40000000,135.0,mid_scale,0.06428571428571428,39,16,1,0,Richard Curtis,long,budget_mid
hit,average,average,0.5750802336592387,0.15885489102662487,0.26606487531413653,0.539310097427472,0.3461591536759925,0.11453074889653554,0.5750802336592387,0.539310097427472,0.26606487531413653,0.11453074889653554,-0.151534126417601,0,0,stable_wrong,2486,Eragon,Eragon,Fantasy,100000000,104.0,large_scale,0.06428571428571428,15,26,1,0,Stefen Fangmeier,medium,budget_high
flop,hit,flop,0.24179835505538552,0.3003281578513217,0.45787348709329273,0.2851350098063267,0.4388257217060939,0.27603926848757954,0.45787348709329273,0.4388257217060939,0.3003281578513217,0.4388257217060939,0.1384975638547722,0,1,wrong_to_correct,20766,The Road,The Road,Adventure,32000000,111.0,mid_scale,0.0795031055900621,15,14,1,0,John Hillcoat,medium,budget_mid
hit,average,average,0.375017884222164,0.3488396847941511,0.2761424309836849,0.413854862371592,0.3198367802646693,0.2663083573637387,0.375017884222164,0.413854862371592,0.2761424309836849,0.2663083573637387,-0.009834073619946204,0,0,stable_wrong,864,Cool Runnings,Cool Runnings,Comedy,14000000,98.0,indie,0.0608695652173913,15,13,0,0,Jon Turteltaub,medium,budget_low
hit,flop,hit,0.22999561136843527,0.4227182129479033,0.34728617568366144,0.23211217059468042,0.3242908877913948,0.4435969416139247,0.4227182129479033,0.4435969416139247,0.34728617568366144,0.4435969416139247,0.09631076593026328,0,1,wrong_to_correct,9400,Set It Off,Set It Off,Drama,9000000,118.0,indie,0.37080745341614907,17,10,1,0,F. Gary Gray,medium,budget_low
flop,flop,hit,0.34659245407523004,0.3849978739124311,0.26840967201233884,0.3557140347935689,0.24819970064936664,0.3960862645570644,0.3849978739124311,0.3960862645570644,0.3849978739124311,0.24819970064936664,-0.13679817326306448,1,0,correct_to_wrong,13685,Bottle Rocket,Bottle Rocket,Comedy,7000000,91.0,indie,0.1555900621118012,12,18,1,0,Wes Anderson,medium,budget_low
hit,flop,hit,0.21806738714266824,0.4694908951078606,0.31244171774947116,0.1083582774325949,0.3952663613346388,0.49637536123276627,0.4694908951078606,0.49637536123276627,0.31244171774947116,0.49637536123276627,0.1839336434832951,0,1,wrong_to_correct,241251,The Boy Next Door,The Boy Next Door,Thriller,4000000,91.0,mid_scale,0.32173913043478264,19,37,0,0,Rob Cohen,medium,budget_low
flop,average,average,0.3420871583805446,0.3227415020865284,0.33517133953292705,0.4151656524054533,0.19555266826372958,0.3892816793308172,0.3420871583805446,0.4151656524054533,0.3227415020865284,0.19555266826372958,-0.12718883382279883,0,0,stable_wrong,10592,Hart's War,Hart's War,Drama,70000000,125.0,mid_scale,0.0795031055900621,20,20,1,1,Gregory Hoblit,long,budget_high
hit,hit,hit,0.21944734085534764,0.11465513913342876,0.6658975200112236,0.09635328620401566,0.025567030002300973,0.8780796837936833,0.6658975200112236,0.8780796837936833,0.6658975200112236,0.8780796837936833,0.2121821637824597,1,1,stable_correct,4233,Scream 2,Scream 2,Horror,24000000,120.0,mid_scale,0.3065217391304348,75,26,0,1,Wes Craven,medium,budget_mid
hit,average,average,0.3671957388038973,0.36040412064485455,0.2724001405512482,0.4874069303131488,0.28079891394148493,0.23179415574536635,0.3671957388038973,0.4874069303131488,0.2724001405512482,0.23179415574536635,-0.04060598480588187,0,0,stable_wrong,64688,21 Jump Street,21 Jump Street,Action,42000000,109.0,large_scale,0.03043478260869565,19,49,0,0,Phil Lord,medium,budget_high
hit,average,average,0.48177975851719834,0.2721364189560735,0.24608382252672817,0.45351100653447773,0.13476588120700145,0.41172311225852076,0.48177975851719834,0.45351100653447773,0.24608382252672817,0.41172311225852076,0.1656392897317926,0,0,stable_wrong,140300,Kung Fu Panda 3,Kung Fu Panda 3,Action,145000000,95.0,mid_scale,0.33664596273291925,34,34,5,1,Jennifer Yuh Nelson,medium,budget_high
hit,hit,average,0.404603848242298,0.18191870531365945,0.4134774464440426,0.49707258194463233,0.25466513717867295,0.24826228087669464,0.4134774464440426,0.49707258194463233,0.4134774464440426,0.24826228087669464,-0.16521516556734797,1,0,correct_to_wrong,9489,You've Got Mail,You've Got Mail,Comedy,65000000,119.0,indie,0.14378881987577638,16,32,2,0,Nora Ephron,medium,budget_high
hit,hit,average,0.3989089592920037,0.1975416017331381,0.40354943897485823,0.48451265821893913,0.13444375628222902,0.3810435854988317,0.40354943897485823,0.48451265821893913,0.40354943897485823,0.3810435854988317,-0.022505853476026516,1,0,correct_to_wrong,1934,Shakespeare in Love,Shakespeare in Love,Romance,25000000,122.0,mid_scale,0.2385093167701863,15,17,3,0,John Madden,long,budget_mid
hit,average,flop,0.34842924843126466,0.3304333628158171,0.3211373887529182,0.3499970147993041,0.4782195346551978,0.1717834505454981,0.34842924843126466,0.4782195346551978,0.3211373887529182,0.1717834505454981,-0.1493539382074201,0,0,stable_wrong,13335,Harold & Kumar Escape from Guantanamo Bay,Harold & Kumar Escape from Guantanamo Bay,Comedy,12000000,107.0,indie,0.0,19,7,0,0,Jon Hurwitz,medium,budget_low
average,average,average,0.4081137302104491,0.29089315959670664,0.3009931101928442,0.4565279230794913,0.35772102424793945,0.18575105267256925,0.4081137302104491,0.4565279230794913,0.4081137302104491,0.4565279230794913,0.048414192869042194,1,1,stable_correct,1636,Bedazzled,Bedazzled,Fantasy,48000000,93.0,mid_scale,0.0608695652173913,11,19,0,0,Harold Ramis,medium,budget_high
flop,average,average,0.45373398392771985,0.4178845896908328,0.12838142638144745,0.48489902154805214,0.4583057237958729,0.056795254656074816,0.45373398392771985,0.48489902154805214,0.4178845896908328,0.4583057237958729,0.04042113410504011,0,0,stable_wrong,109417,Battle of the Year,Battle of the Year,Music,20000000,110.0,indie,0.0,13,16,0,0,Benson Lee,medium,budget_mid
flop,hit,average,0.2871588975638855,0.34902742638903395,0.36381367604708054,0.561802695501397,0.25399639904872107,0.18420090544988188,0.36381367604708054,0.561802695501397,0.34902742638903395,0.25399639904872107,-0.09503102734031288,0,0,stable_wrong,10537,The Doors,The Doors,Drama,38000000,140.0,mid_scale,0.33695652173913043,29,51,0,0,Oliver Stone,long,budget_mid
hit,flop,flop,0.2765218554460484,0.41808964473303944,0.30538849982091215,0.17964911553840363,0.6988792964425581,0.12147158801903815,0.41808964473303944,0.6988792964425581,0.30538849982091215,0.12147158801903815,-0.183916911801874,0,0,stable_wrong,81390,A Lonely Place to Die,A Lonely Place to Die,Adventure,4000000,99.0,mid_scale,0.0,11,8,0,0,Julian Gilbey,medium,budget_low
average,hit,average,0.2961496639153661,0.26799366454880663,0.43585667153582713,0.3740188598569993,0.3279148647001844,0.29806627544281644,0.43585667153582713,0.3740188598569993,0.2961496639153661,0.3740188598569993,0.07786919594163316,0,1,wrong_to_correct,711,Finding Forrester,Finding Forrester,Drama,43000000,136.0,mid_scale,0.18944099378881984,13,10,2,0,Gus Van Sant,long,budget_high
average,hit,average,0.33207235737558743,0.19358147504345524,0.47434616758095743,0.39115203013472,0.2971192061877357,0.3117287636775444,0.47434616758095743,0.39115203013472,0.33207235737558743,0.39115203013472,0.05907967275913256,0,1,wrong_to_correct,563,Starship Troopers,Starship Troopers,Adventure,105000000,129.0,mid_scale,0.04565217391304347,20,46,0,0,Paul Verhoeven,long,budget_high
flop,flop,flop,0.25527366229445103,0.47754668930856975,0.26717964839697916,0.18544336638839892,0.7216149340287763,0.0929416995828249,0.47754668930856975,0.7216149340287763,0.47754668930856975,0.7216149340287763,0.24406824472020655,1,1,stable_correct,255343,Escobar: Paradise Lost,Escobar: Paradise Lost,Thriller,17000000,120.0,large_scale,0.0,9,33,0,0,Andrea Di Stefano,medium,budget_mid
average,average,flop,0.3443728398754494,0.3317829955796211,0.32384416454492954,0.3008578402194637,0.3686020902542686,0.3305400695262677,0.3443728398754494,0.3686020902542686,0.3443728398754494,0.3008578402194637,-0.04351499965598571,1,0,correct_to_wrong,20504,The Book of Eli,The Book of Eli,Action,80000000,118.0,indie,0.14378881987577638,45,85,2,0,Albert Hughes,medium,budget_high
hit,flop,hit,0.258855051467374,0.41237050986619544,0.3287744386664306,0.07782169990075483,0.014087256317374813,0.9080910437818704,0.41237050986619544,0.9080910437818704,0.3287744386664306,0.9080910437818704,0.5793166051154399,0,1,wrong_to_correct,762,Monty Python and the Holy Grail,Monty Python and the Holy Grail,Adventure,400000,91.0,mid_scale,0.07608695652173912,19,16,0,1,Terry Gilliam,medium,budget_low
flop,average,flop,0.3460759058945277,0.32438178016687197,0.32954231393860034,0.3624671853665298,0.5254305266021246,0.11210228803134571,0.3460759058945277,0.5254305266021246,0.32438178016687197,0.5254305266021246,0.20104874643525267,0,1,wrong_to_correct,17711,The Adventures of Rocky & Bullwinkle,The Adventures of Rocky & Bullwinkle,Action,76000000,88.0,mid_scale,0.12857142857142856,20,9,2,0,Des McAnuff,short,budget_high
average,average,average,0.3414309109697596,0.31814520919597067,0.3404238798342697,0.424525587305806,0.3455268528188009,0.2299475598753932,0.3414309109697596,0.424525587305806,0.3414309109697596,0.424525587305806,0.08309467633604639,1,1,stable_correct,16614,Adventureland,Adventureland,Comedy,9500000,107.0,mid_scale,0.14378881987577638,17,24,2,0,Greg Mottola,medium,budget_low
hit,hit,flop,0.3382018554560021,0.3143707786359296,0.34742736590806833,0.2700421477262722,0.46617483339819027,0.26378301887553757,0.34742736590806833,0.46617483339819027,0.34742736590806833,0.26378301887553757,-0.08364434703253076,1,0,correct_to_wrong,8363,Superbad,Superbad,Comedy,20000000,113.0,indie,0.0795031055900621,53,16,1,0,Greg Mottola,medium,budget_mid
hit,hit,hit,0.40248588599729407,0.1899473165520637,0.4075667974506423,0.36904570005245496,0.18061045575761756,0.45034384418992757,0.4075667974506423,0.45034384418992757,0.4075667974506423,0.45034384418992757,0.042777046739285285,1,1,stable_correct,4929,Hang 'em High,Hang 'em High,Western,1800000,114.0,indie,0.015217391304347825,24,11,0,0,Ted Post,medium,budget_low
hit,average,average,0.4646184290325524,0.16305703315632517,0.37232453781112257,0.48748143790843657,0.17405263541330662,0.33846592667825676,0.4646184290325524,0.48748143790843657,0.37232453781112257,0.33846592667825676,-0.03385861113286581,0,0,stable_wrong,38317,Zookeeper,Zookeeper,Comedy,80000000,102.0,large_scale,0.2385093167701863,22,6,3,0,Frank Coraci,medium,budget_high
hit,average,hit,0.518519968440086,0.26585270207988015,0.21562732948003385,0.11289850940829003,0.15000663780682924,0.7370948527848807,0.518519968440086,0.7370948527848807,0.21562732948003385,0.7370948527848807,0.5214675233048469,0,1,wrong_to_correct,39254,Real Steel,Real Steel,Action,110000000,127.0,large_scale,0.32173913043478264,172,46,0,0,Shawn Levy,long,budget_high
hit,average,average,0.4816160802927655,0.23655398311946896,0.2818299365877656,0.4870798424410211,0.2096461740561456,0.30327398350283347,0.4816160802927655,0.4870798424410211,0.2818299365877656,0.30327398350283347,0.02144404691506785,0,0,stable_wrong,10528,Sherlock Holmes,Sherlock Holmes,Action,90000000,128.0,large_scale,0.14037267080745341,55,25,1,0,Guy Ritchie,long,budget_high
flop,hit,hit,0.15446724224000627,0.23797697696008255,0.6075557807999112,0.10795879507804852,0.07687533199055914,0.8151658729313924,0.6075557807999112,0.8151658729313924,0.23797697696008255,0.07687533199055914,-0.1611016449695234,0,0,stable_wrong,576,The Wild Bunch,The Wild Bunch,Adventure,6244087,145.0,indie,0.04565217391304347,44,34,0,0,Sam Peckinpah,long,budget_low
flop,hit,flop,0.3059639241173922,0.34078520489894276,0.3532508709836651,0.2749618020223882,0.41275507619500096,0.31228312178261086,0.3532508709836651,0.41275507619500096,0.34078520489894276,0.41275507619500096,0.0719698712960582,0,1,wrong_to_correct,20794,Novocaine,Novocaine,Comedy,6000000,95.0,indie,0.06428571428571428,37,21,1,0,David Atkins,medium,budget_low
flop,average,flop,0.4655355764573551,0.3011863736401583,0.23327804990248655,0.37153592159863275,0.48819263384117256,0.14027144456019472,0.4655355764573551,0.48819263384117256,0.3011863736401583,0.48819263384117256,0.18700626020101424,0,1,wrong_to_correct,3604,Flash Gordon,Flash Gordon,Science Fiction,35000000,111.0,indie,0.0,19,14,0,0,Mike Hodges,medium,budget_mid
average,average,average,0.4627433795172544,0.18219720315593355,0.355059417326812,0.5308449661448076,0.26041888263077545,0.20873615122441705,0.4627433795172544,0.5308449661448076,0.4627433795172544,0.5308449661448076,0.06810158662755317,1,1,stable_correct,10207,Message in a Bottle,Message in a Bottle,Romance,80000000,131.0,mid_scale,0.06428571428571428,19,11,1,0,Luis Mandoki,long,budget_high
flop,flop,flop,0.22634604854195928,0.4446718638614145,0.3289820875966263,0.20085510938009998,0.6405540560344054,0.15859083458549458,0.4446718638614145,0.6405540560344054,0.4446718638614145,0.6405540560344054,0.1958821921729909,1,1,stable_correct,17436,The Informers,The Informers,Drama,18000000,98.0,indie,0.0,23,5,0,0,Gregor Jordan,medium,budget_mid
flop,flop,flop,0.25050758198493195,0.40452948361801977,0.34496293439704817,0.2501247731178836,0.5062492642736355,0.2436259626084809,0.40452948361801977,0.5062492642736355,0.40452948361801977,0.5062492642736355,0.10171978065561571,1,1,stable_correct,87729,Jefferson in Paris,Jefferson in Paris,Drama,14000000,139.0,indie,0.09472049689440992,14,4,1,0,James Ivory,long,budget_low
flop,hit,hit,0.3559350022387265,0.1759991222570632,0.46806587550421025,0.32344581026057606,0.06010023834826623,0.6164539513911578,0.46806587550421025,0.6164539513911578,0.1759991222570632,0.06010023834826623,-0.11589888390879699,0,0,stable_wrong,6972,Australia,Australia,Drama,130000000,165.0,large_scale,0.10993788819875774,45,101,1,1,Baz Luhrmann,long,budget_high
hit,average,hit,0.48943849703766346,0.09375186404258226,0.41680963891975426,0.4482446847991658,0.030547578859940284,0.5212077363408939,0.48943849703766346,0.5212077363408939,0.41680963891975426,0.5212077363408939,0.10439809742113965,0,1,wrong_to_correct,87101,Terminator Genisys,Terminator Genisys,Science Fiction,155000000,126.0,mid_scale,0.14378881987577638,32,145,2,1,Alan Taylor,long,budget_high
average,hit,average,0.2796533729517158,0.33113734176335885,0.3892092852849253,0.3812103195627909,0.30279096340027994,0.3159987170369292,0.3892092852849253,0.3812103195627909,0.2796533729517158,0.3812103195627909,0.10155694661107512,0,1,wrong_to_correct,590,The Hours,The Hours,Drama,25000000,114.0,mid_scale,0.2385093167701863,19,18,3,0,Stephen Daldry,medium,budget_mid
flop,average,flop,0.36242427718421016,0.3075853794969569,0.3299903433188328,0.2743523905624262,0.6420984189098817,0.08354919052769198,0.36242427718421016,0.6420984189098817,0.3075853794969569,0.6420984189098817,0.3345130394129248,0,1,wrong_to_correct,9292,Hudson Hawk,Hudson Hawk,Action,65000000,100.0,indie,0.06428571428571428,8,12,1,0,Michael Lehmann,medium,budget_high
average,average,average,0.47039203230752785,0.22109367671703536,0.30851429097543676,0.4757670647347801,0.2091903377835118,0.31504259748170804,0.47039203230752785,0.4757670647347801,0.47039203230752785,0.4757670647347801,0.005375032427252235,1,1,stable_correct,8676,Fool's Gold,Fool's Gold,Romance,70000000,112.0,indie,0.12515527950310557,17,25,1,0,Andy Tennant,medium,budget_high
hit,average,average,0.38998426396898467,0.25035048258049575,0.35966525345051953,0.5058866991959852,0.16928477420876406,0.32482852659525085,0.38998426396898467,0.5058866991959852,0.35966525345051953,0.32482852659525085,-0.034836726855268674,0,0,stable_wrong,392,Chocolat,Chocolat,Comedy,25000000,121.0,mid_scale,0.1555900621118012,22,38,1,0,Lasse Hallström,long,budget_mid
hit,average,hit,0.38903616111725303,0.29851438280771597,0.31244945607503094,0.3774898911700371,0.24212243521777127,0.38038767361219156,0.38903616111725303,0.38038767361219156,0.31244945607503094,0.38038767361219156,0.06793821753716062,0,1,wrong_to_correct,44943,Battle: Los Angeles,Battle: Los Angeles,Action,70000000,116.0,mid_scale,0.03043478260869565,62,95,0,0,Jonathan Liebesman,medium,budget_high
hit,flop,hit,0.2932640582744327,0.3541973577427777,0.35253858398278964,0.2853240967861566,0.07426894097281633,0.6404069622410271,0.3541973577427777,0.6404069622410271,0.35253858398278964,0.6404069622410271,0.28786837825823747,0,1,wrong_to_correct,812,Aladdin,Aladdin,Animation,28000000,90.0,indie,0.09472049689440992,24,100,1,0,Ron Clements,medium,budget_mid
hit,hit,hit,0.31602084501447053,0.19111705142736168,0.49286210355816773,0.2964416139447608,0.28290553468380114,0.420652851371438,0.49286210355816773,0.420652851371438,0.49286210355816773,0.420652851371438,-0.07220925218672974,1,1,stable_correct,227973,The Peanuts Movie,The Peanuts Movie,Animation,99000000,88.0,indie,0.015217391304347825,14,16,0,0,Steve Martino,short,budget_high
hit,hit,average,0.3300536606874791,0.20723901671774184,0.46270732259477904,0.5096429820268039,0.17345287266701695,0.31690414530617916,0.46270732259477904,0.5096429820268039,0.46270732259477904,0.31690414530617916,-0.14580317728859987,1,0,correct_to_wrong,1598,Cape Fear,Cape Fear,Crime,35000000,128.0,mid_scale,0.4468944099378882,27,39,1,0,Martin Scorsese,long,budget_mid
hit,average,hit,0.3493717668463466,0.3155771480421421,0.33505108511151144,0.08296965053992074,0.24293636755254763,0.6740939819075317,0.3493717668463466,0.6740939819075317,0.33505108511151144,0.6740939819075317,0.33904289679602023,0,1,wrong_to_correct,13909,She Wore a Yellow Ribbon,She Wore a Yellow Ribbon,Western,1600000,103.0,indie,0.03043478260869565,24,4,0,0,John Ford,medium,budget_low
average,flop,average,0.35205058126005084,0.3703014152549139,0.2776480034850353,0.39947570017042744,0.24262292930542467,0.35790137052414794,0.3703014152549139,0.39947570017042744,0.35205058126005084,0.39947570017042744,0.047425118910376596,0,1,wrong_to_correct,52451,The Three Musketeers,The Three Musketeers,Adventure,75000000,110.0,large_scale,0.3065217391304348,15,31,0,0,Paul W.S. Anderson,medium,budget_high
average,hit,flop,0.3366746522465704,0.2776183294336057,0.3857070183198239,0.2852957918590742,0.5095841810594186,0.20512002708150714,0.3857070183198239,0.5095841810594186,0.3366746522465704,0.2852957918590742,-0.05137886038749617,0,0,stable_wrong,9615,The Fast and the Furious: Tokyo Drift,The Fast and the Furious: Tokyo Drift,Action,85000000,104.0,indie,0.03043478260869565,56,57,0,0,Justin Lin,medium,budget_high
hit,hit,average,0.30446067973254043,0.26935177910475944,0.4261875411627001,0.3977153894271561,0.37274885369877003,0.2295357568740739,0.4261875411627001,0.3977153894271561,0.4261875411627001,0.2295357568740739,-0.19665178428862617,1,0,correct_to_wrong,2251,Unfaithful,Unfaithful,Thriller,50000000,124.0,mid_scale,0.03043478260869565,12,26,0,0,Adrian Lyne,long,budget_high
hit,hit,average,0.3242239161522276,0.20669950501880965,0.4690765788289628,0.42149354952656903,0.254949577475822,0.3235568729976091,0.4690765788289628,0.42149354952656903,0.4690765788289628,0.3235568729976091,-0.1455197058313537,1,0,correct_to_wrong,754,Face/Off,Face/Off,Action,80000000,138.0,large_scale,0.2046583850931677,22,54,2,0,John Woo,long,budget_high
hit,average,flop,0.36263704120160556,0.3312798693977517,0.30608308940064277,0.3092180956554693,0.5709873879912439,0.1197945163532867,0.36263704120160556,0.5709873879912439,0.30608308940064277,0.1197945163532867,-0.18628857304735608,0,0,stable_wrong,19084,Johnson Family Vacation,Johnson Family Vacation,Comedy,12000000,97.0,mid_scale,0.0,11,6,0,0,Christopher Erskin,medium,budget_low
hit,average,hit,0.3951693711728735,0.2436689781858621,0.3611616506412643,0.3943908296503902,0.137359413402547,0.4682497569470628,0.3951693711728735,0.4682497569470628,0.3611616506412643,0.4682497569470628,0.10708810630579846,0,1,wrong_to_correct,168,Star Trek IV: The Voyage Home,Star Trek IV: The Voyage Home,Science Fiction,24000000,119.0,indie,0.015217391304347825,15,17,0,1,Leonard Nimoy,medium,budget_mid
hit,flop,flop,0.29213322365497,0.4240866590294261,0.2837801173156038,0.2568329286921321,0.5818961924767135,0.1612708788311543,0.4240866590294261,0.5818961924767135,0.2837801173156038,0.1612708788311543,-0.12250923848444953,0,0,stable_wrong,77877,The Lucky One,The Lucky One,Drama,25000000,101.0,mid_scale,0.03043478260869565,11,4,0,0,Scott Hicks,medium,budget_mid
hit,hit,flop,0.23939768569829145,0.27730336752541745,0.4832989467762912,0.29369613034979714,0.44860042309206144,0.2577034465581414,0.4832989467762912,0.44860042309206144,0.4832989467762912,0.2577034465581414,-0.22559550021814978,1,0,correct_to_wrong,10152,Dumb and Dumberer: When Harry Met Lloyd,Dumb and Dumberer: When Harry Met Lloyd,Comedy,19000000,85.0,indie,0.0,16,11,0,0,Troy Miller,short,budget_mid
hit,flop,average,0.30226225784185307,0.6048625724181145,0.09287516974003246,0.489285653507319,0.30378716575292675,0.20692718073975425,0.6048625724181145,0.489285653507319,0.09287516974003246,0.20692718073975425,0.11405201099972179,0,0,stable_wrong,228150,Fury,Fury,War,68000000,135.0,large_scale,0.14037267080745341,20,92,1,1,David Ayer,long,budget_high
hit,hit,hit,0.23904792231284946,0.18727152003815156,0.573680557648999,0.2787677239581608,0.07336317055370854,0.6478691054881306,0.573680557648999,0.6478691054881306,0.573680557648999,0.6478691054881306,0.07418854783913165,1,1,stable_correct,11351,Jeepers Creepers 2,Jeepers Creepers 2,Horror,17000000,104.0,mid_scale,0.015217391304347825,16,106,0,1,Victor Salva,medium,budget_mid
flop,average,flop,0.3812311718279459,0.35665580803427904,0.26211302013777504,0.21435427854134542,0.6498463561378379,0.13579936532081652,0.3812311718279459,0.6498463561378379,0.35665580803427904,0.6498463561378379,0.2931905481035589,0,1,wrong_to_correct,18206,Alone With Her,Alone With Her,Crime,1000000,78.0,indie,0.0,6,2,0,0,Eric Nicholas,short,budget_low
hit,average,average,0.4323018192899005,0.18224843912866934,0.3854497415814301,0.46674306684757505,0.08397725199530694,0.449279681157118,0.4323018192899005,0.46674306684757505,0.3854497415814301,0.449279681157118,0.06382993957568794,0,0,stable_wrong,310,Bruce Almighty,Bruce Almighty,Fantasy,80000000,101.0,mid_scale,0.28416149068322977,11,124,3,0,Tom Shadyac,medium,budget_high
hit,hit,hit,0.26995793657254213,0.33416880137214455,0.39587326205531326,0.32019793545082165,0.16728762817412277,0.5125144363750556,0.39587326205531326,0.5125144363750556,0.39587326205531326,0.5125144363750556,0.1166411743197423,1,1,stable_correct,681,Diamonds Are Forever,Diamonds Are Forever,Adventure,7200000,120.0,mid_scale,0.10993788819875774,23,19,1,0,Guy Hamilton,medium,budget_low
hit,hit,hit,0.1285813967733261,0.3560504422807926,0.5153681609458813,0.13837268320854776,0.20890239052975518,0.6527249262616971,0.5153681609458813,0.6527249262616971,0.5153681609458813,0.6527249262616971,0.13735676531581575,1,1,stable_correct,375290,Airlift,Airlift,Thriller,4500000,126.0,mid_scale,0.0,19,13,0,0,Raja Menon,long,budget_low
average,hit,hit,0.30086172040962317,0.29662233912284813,0.4025159404675287,0.40485568146929857,0.16185206250909304,0.4332922560216085,0.4025159404675287,0.4332922560216085,0.30086172040962317,0.40485568146929857,0.1039939610596754,0,0,stable_wrong,26390,Brooklyn's Finest,Brooklyn's Finest,Crime,17000000,133.0,large_scale,0.07608695652173912,21,77,0,0,Antoine Fuqua,long,budget_mid
flop,flop,flop,0.3372177739269018,0.3876332537710696,0.27514897230202867,0.31862899616311996,0.5093740855263396,0.1719969183105405,0.3876332537710696,0.5093740855263396,0.3876332537710696,0.5093740855263396,0.12174083175526995,1,1,stable_correct,137321,Winter's Tale,Winter's Tale,Drama,60000000,118.0,mid_scale,0.12857142857142856,33,12,2,0,Akiva Goldsman,medium,budget_high
hit,hit,flop,0.2519381258260452,0.26777524819522,0.4802866259787348,0.23984374629110894,0.464173648474059,0.29598260523483194,0.4802866259787348,0.464173648474059,0.4802866259787348,0.29598260523483194,-0.18430402074390284,1,0,correct_to_wrong,38358,The Last Exorcism,The Last Exorcism,Horror,1800000,87.0,mid_scale,0.0,8,10,0,0,Daniel Stamm,short,budget_low
hit,average,hit,0.452715753244405,0.2815112670130129,0.2657729797425821,0.3485171081732788,0.03401899969355405,0.6174638921331671,0.452715753244405,0.6174638921331671,0.2657729797425821,0.6174638921331671,0.351690912390585,0,1,wrong_to_correct,76163,The Expendables 2,The Expendables 2,Action,100000000,103.0,indie,0.34844720496894405,17,106,4,1,Simon West,medium,budget_high
flop,average,average,0.45138297345575634,0.16998822961670063,0.3786287969275431,0.42147109045795644,0.21408004158343197,0.36444886795861153,0.45138297345575634,0.42147109045795644,0.16998822961670063,0.21408004158343197,0.04409181196673134,0,0,stable_wrong,1911,The 13th Warrior,The 13th Warrior,Adventure,160000000,102.0,indie,0.37080745341614907,19,17,1,0,John McTiernan,medium,budget_high
hit,flop,flop,0.2620703663329417,0.44106627957051003,0.2968633540965482,0.19443118841112877,0.6181383859420294,0.18743042564684195,0.44106627957051003,0.6181383859420294,0.2968633540965482,0.18743042564684195,-0.10943292844970623,0,0,stable_wrong,304357,Woman in Gold,Woman in Gold,Drama,11000000,120.0,indie,0.0795031055900621,33,31,1,0,Simon Curtis,medium,budget_low
hit,flop,hit,0.26630787273308476,0.4852163431533416,0.24847578411357352,0.223723201694884,0.3656749429146309,0.41060185539048505,0.4852163431533416,0.41060185539048505,0.24847578411357352,0.41060185539048505,0.16212607127691153,0,1,wrong_to_correct,535,Flashdance,Flashdance,Drama,4000000,95.0,indie,0.03043478260869565,26,20,0,0,Adrian Lyne,medium,budget_low
hit,hit,flop,0.28661809431099045,0.2645901317429871,0.4487917739460224,0.34672209832824424,0.40238649614405647,0.2508914055276993,0.4487917739460224,0.40238649614405647,0.4487917739460224,0.2508914055276993,-0.1979003684183231,1,0,correct_to_wrong,136795,The Heat,The Heat,Action,43000000,117.0,large_scale,0.09472049689440992,23,14,1,0,Paul Feig,medium,budget_high
flop,flop,flop,0.29798517624800264,0.4256917045502306,0.27632311920176683,0.2857903717433036,0.5338213082566392,0.18038832000005717,0.4256917045502306,0.5338213082566392,0.4256917045502306,0.5338213082566392,0.10812960370640862,1,1,stable_correct,14139,Timecrimes,Los cronocrímenes,Science Fiction,2600000,92.0,mid_scale,0.0,8,25,0,0,Nacho Vigalondo,medium,budget_low
flop,average,flop,0.36352239845506457,0.30125677206840923,0.3352208294765262,0.3486383128282068,0.3841864551782067,0.2671752319935865,0.36352239845506457,0.3841864551782067,0.30125677206840923,0.3841864551782067,0.08292968310979748,0,1,wrong_to_correct,8202,Æon Flux,Æon Flux,Action,62000000,93.0,large_scale,0.015217391304347825,52,21,0,0,Karyn Kusama,medium,budget_high
hit,hit,average,0.3765326036369417,0.23418442094788644,0.38928297541517193,0.3819340884571792,0.2500061114258891,0.36805980011693173,0.38928297541517193,0.3819340884571792,0.38928297541517193,0.36805980011693173,-0.021223175298240193,1,0,correct_to_wrong,51540,Horrible Bosses,Horrible Bosses,Comedy,35000000,98.0,indie,0.0795031055900621,20,50,1,0,Seth Gordon,medium,budget_mid
flop,flop,flop,0.3408379206693637,0.36128617058337237,0.2978759087472639,0.38275536444957714,0.4540440757127265,0.16320055983769624,0.36128617058337237,0.4540440757127265,0.36128617058337237,0.4540440757127265,0.09275790512935411,1,1,stable_correct,17926,Undiscovered,Undiscovered,Comedy,9000000,97.0,mid_scale,0.0,15,6,0,0,Meiert Avis,medium,budget_low
hit,average,average,0.36697044822803127,0.3614379868331876,0.271591564938781,0.4177847977818514,0.34013215230553284,0.24208304991261567,0.36697044822803127,0.4177847977818514,0.271591564938781,0.24208304991261567,-0.029508515026165333,0,0,stable_wrong,2925,The First Wives Club,The First Wives Club,Comedy,26000000,102.0,indie,0.03043478260869565,24,72,0,0,Hugh Wilson,medium,budget_mid
average,flop,flop,0.2131515403250273,0.4770140243739675,0.3098344353010052,0.15487262688319212,0.6201329364377893,0.22499443667901858,0.4770140243739675,0.6201329364377893,0.2131515403250273,0.15487262688319212,-0.058278913441835195,0,0,stable_wrong,84401,Sholem Aleichem: Laughing In The Darkness,Sholem Aleichem: Laughing In The Darkness,Documentary,500000,93.0,indie,0.0,8,2,0,0,Joseph Dorman,medium,budget_low
hit,hit,hit,0.23181431344791523,0.22285307214397834,0.5453326144081064,0.134199055610897,0.10926462996563593,0.756536314423467,0.5453326144081064,0.756536314423467,0.5453326144081064,0.756536314423467,0.2112037000153606,1,1,stable_correct,10160,A Nightmare on Elm Street 5: The Dream Child,A Nightmare on Elm Street 5: The Dream Child,Horror,8000000,89.0,indie,0.0608695652173913,43,11,0,0,Stephen Hopkins,short,budget_low
average,flop,flop,0.27433201461694656,0.40508801709757064,0.32057996828548274,0.2861927569775583,0.45351029722924247,0.2602969457931991,0.40508801709757064,0.45351029722924247,0.27433201461694656,0.2861927569775583,0.011860742360611742,0,0,stable_wrong,25941,Harry Brown,Harry Brown,Thriller,7300000,103.0,mid_scale,0.06428571428571428,34,58,1,0,Daniel Barber,medium,budget_low
hit,flop,flop,0.28403306061784717,0.36907762257646864,0.3468893168056842,0.28271577705914663,0.4540531335438078,0.2632310893970456,0.36907762257646864,0.4540531335438078,0.3468893168056842,0.2632310893970456,-0.0836582274086386,0,0,stable_wrong,10135,Road House,Road House,Action,15000000,114.0,mid_scale,0.0,28,10,0,0,Rowdy Herrington,medium,budget_low
hit,hit,hit,0.40284032507884626,0.18982739133534932,0.4073322835858043,0.22195605368027005,0.06537879493667627,0.7126651513830536,0.4073322835858043,0.7126651513830536,0.4073322835858043,0.7126651513830536,0.30533286779724933,1,1,stable_correct,36557,Casino Royale,Casino Royale,Adventure,150000000,144.0,mid_scale,0.07608695652173912,79,126,0,0,Martin Campbell,long,budget_high
flop,flop,flop,0.3652056277706262,0.43589736785993527,0.19889700436943844,0.38399356441385024,0.5538469342912404,0.06215950129490937,0.43589736785993527,0.5538469342912404,0.43589736785993527,0.5538469342912404,0.11794956643130516,1,1,stable_correct,9042,The Cave,The Cave,Action,30000000,97.0,large_scale,0.0,15,69,0,0,Bruce Hunt,medium,budget_mid
flop,flop,average,0.36672191186008496,0.4036247007875398,0.22965338735237517,0.43967249531411173,0.28177754046657455,0.2785499642193138,0.4036247007875398,0.43967249531411173,0.4036247007875398,0.28177754046657455,-0.12184716032096526,1,0,correct_to_wrong,2185,Big Trouble,Big Trouble,Action,40000000,85.0,indie,0.1555900621118012,33,6,1,0,Barry Sonnenfeld,short,budget_mid
hit,hit,hit,0.22335355243225508,0.18979072130922026,0.5868557262585247,0.2669615150400073,0.30518502095549555,0.42785346400449703,0.5868557262585247,0.42785346400449703,0.5868557262585247,0.42785346400449703,-0.15900226225402764,1,1,stable_correct,768,From Hell,From Hell,Horror,35000000,122.0,indie,0.0795031055900621,26,65,1,0,Albert Hughes,long,budget_mid
average,hit,average,0.4107666944660188,0.1517876488309214,0.4374456567030598,0.5152688975179246,0.12231463246097209,0.3624164700211033,0.4374456567030598,0.5152688975179246,0.4107666944660188,0.5152688975179246,0.10450220305190577,0,1,wrong_to_correct,44826,Hugo,Hugo,Adventure,170000000,126.0,mid_scale,0.5111801242236025,28,77,2,0,Martin Scorsese,long,budget_high
flop,average,hit,0.38315169584577846,0.3269399660123175,0.28990833814190414,0.3427067951293321,0.11357812824308355,0.5437150766275843,0.38315169584577846,0.5437150766275843,0.3269399660123175,0.11357812824308355,-0.21336183776923395,0,0,stable_wrong,43949,Flipped,Flipped,Romance,14000000,89.0,indie,0.09130434782608694,20,71,0,0,Rob Reiner,short,budget_low
flop,hit,hit,0.25660347496754976,0.19058357921246022,0.55281294581999,0.3449816342198378,0.2942512407149559,0.3607671250652064,0.55281294581999,0.3607671250652064,0.19058357921246022,0.2942512407149559,0.10366766150249568,0,0,stable_wrong,18162,Land of the Lost,Land of the Lost,Adventure,100000000,102.0,mid_scale,0.09472049689440992,18,27,1,0,Brad Silberling,medium,budget_high
average,average,hit,0.5903817026338876,0.09503126801934907,0.3145870293467633,0.4474634382236803,0.08757753947273159,0.46495902230358827,0.5903817026338876,0.46495902230358827,0.5903817026338876,0.4474634382236803,-0.14291826441020727,1,0,correct_to_wrong,44833,Battleship,Battleship,Thriller,209000000,131.0,mid_scale,0.14037267080745341,46,122,1,0,Peter Berg,long,budget_high
hit,average,average,0.4348787835273254,0.26951915465363296,0.29560206181904175,0.4426582512957698,0.34661891977223513,0.21072282893199498,0.4348787835273254,0.4426582512957698,0.29560206181904175,0.21072282893199498,-0.08487923288704677,0,0,stable_wrong,11678,Vertical Limit,Vertical Limit,Action,75000000,124.0,indie,0.07608695652173912,18,21,0,0,Martin Campbell,long,budget_high
hit,average,hit,0.3673317645923825,0.3348240927514662,0.2978441426561513,0.2375916159818068,0.12255806376122948,0.6398503202569636,0.3673317645923825,0.6398503202569636,0.2978441426561513,0.6398503202569636,0.34200617760081237,0,1,wrong_to_correct,137106,The Lego Movie,The Lego Movie,Adventure,60000000,100.0,large_scale,0.22329192546583848,35,82,3,1,Phil Lord,medium,budget_high
flop,average,average,0.43480975301833474,0.2505468175050683,0.314643429476597,0.5064256914672624,0.0891112807313231,0.4044630278014146,0.43480975301833474,0.5064256914672624,0.2505468175050683,0.0891112807313231,-0.1614355367737452,0,0,stable_wrong,9573,Blood Work,Blood Work,Crime,50000000,110.0,indie,0.42826086956521736,18,33,0,0,Clint Eastwood,medium,budget_high
flop,hit,flop,0.29464113282249704,0.26090268395187527,0.4444561832256277,0.3724460428889905,0.49000782801633497,0.1375461290946744,0.4444561832256277,0.49000782801633497,0.26090268395187527,0.49000782801633497,0.2291051440644597,0,1,wrong_to_correct,16072,Gods and Generals,Gods and Generals,Drama,56000000,214.0,mid_scale,0.06428571428571428,21,72,1,0,Ronald F. Maxwell,long,budget_high
hit,flop,flop,0.2744928572423964,0.5481943633742594,0.17731277938334422,0.27700760471674596,0.6305637980290998,0.09242859725415423,0.5481943633742594,0.6305637980290998,0.17731277938334422,0.09242859725415423,-0.08488418212919,0,0,stable_wrong,25643,Love Happens,Love Happens,Drama,18000000,109.0,large_scale,0.0,16,17,0,0,Brandon Camp,medium,budget_mid
hit,average,hit,0.3846258274712792,0.29333149166464734,0.32204268086407334,0.35172587139779604,0.10502927296863535,0.5432448556335686,0.3846258274712792,0.5432448556335686,0.32204268086407334,0.5432448556335686,0.22120217476949527,0,1,wrong_to_correct,16869,Inglourious Basterds,Inglourious Basterds,Drama,70000000,153.0,large_scale,0.1555900621118012,71,42,1,1,Quentin Tarantino,long,budget_high
hit,average,hit,0.4803689955603525,0.1539539172587669,0.3656770871808806,0.2988454054322937,0.023372719560958755,0.6777818750067475,0.4803689955603525,0.6777818750067475,0.3656770871808806,0.6777818750067475,0.31210478782586687,0,1,wrong_to_correct,131634,The Hunger Games: Mockingjay - Part 2,The Hunger Games: Mockingjay - Part 2,Action,160000000,137.0,mid_scale,0.3180124223602484,51,114,4,1,Francis Lawrence,long,budget_high
flop,flop,flop,0.25569979601438103,0.5050839803407596,0.2392162236448593,0.3055791754197409,0.5124077527143078,0.18201307186595128,0.5050839803407596,0.5124077527143078,0.5050839803407596,0.5124077527143078,0.0073237723735481985,1,1,stable_correct,14396,Code Name: The Cleaner,Code Name: The Cleaner,Action,20000000,84.0,indie,0.04565217391304347,13,2,0,0,Les Mayfield,short,budget_mid
hit,hit,hit,0.35075110740309584,0.25971962125668924,0.3895292713402148,0.31931697358583644,0.29634720158903605,0.3843358248251274,0.3895292713402148,0.3843358248251274,0.3895292713402148,0.3843358248251274,-0.005193446515087408,1,1,stable_correct,50359,Hop,Hop,Animation,63000000,95.0,indie,0.10993788819875774,11,21,1,0,Tim Hill,medium,budget_high
hit,hit,hit,0.18458210035598246,0.2290686211029805,0.586349278541037,0.19193611278145892,0.09437676331412372,0.7136871239044175,0.586349278541037,0.7136871239044175,0.586349278541037,0.7136871239044175,0.12733784536338044,1,1,stable_correct,215,Saw II,Saw II,Horror,4000000,92.0,large_scale,0.03043478260869565,15,23,0,1,Darren Lynn Bousman,medium,budget_low
average,average,flop,0.3494402449338207,0.3324842923210841,0.3180754627450952,0.23876763481687385,0.6203580234125081,0.140874341770618,0.3494402449338207,0.6203580234125081,0.3494402449338207,0.23876763481687385,-0.11067261011694685,1,0,correct_to_wrong,256924,Danny Collins,Danny Collins,Comedy,10000000,107.0,indie,0.06428571428571428,9,3,1,0,Dan Fogelman,medium,budget_low
hit,hit,hit,0.2230126000157946,0.3341437386550539,0.44284366132915154,0.08583647283122348,0.06643343110646198,0.8477300960623145,0.44284366132915154,0.8477300960623145,0.44284366132915154,0.8477300960623145,0.404886434733163,1,1,stable_correct,1891,The Empire Strikes Back,The Empire Strikes Back,Adventure,18000000,124.0,indie,0.0795031055900621,76,51,1,1,Irvin Kershner,long,budget_mid
hit,average,hit,0.5041591892955984,0.11563276834127803,0.38020804236312344,0.20036720300085056,0.026826486736090876,0.7728063102630586,0.5041591892955984,0.7728063102630586,0.38020804236312344,0.7728063102630586,0.3925982678999351,0,1,wrong_to_correct,54138,Star Trek Into Darkness,Star Trek Into Darkness,Action,190000000,132.0,mid_scale,0.09472049689440992,98,107,1,1,J.J. Abrams,long,budget_high
flop,flop,flop,0.29833776375055215,0.4217542792191482,0.27990795703029975,0.34245451123940096,0.45143082784149596,0.20611466091910324,0.4217542792191482,0.45143082784149596,0.4217542792191482,0.45143082784149596,0.029676548622347754,1,1,stable_correct,12779,Swept Away,Swept Away,Comedy,10000000,89.0,mid_scale,0.07608695652173912,6,16,0,0,Guy Ritchie,short,budget_low
average,hit,hit,0.2432845091590139,0.1296417220138539,0.6270737688271322,0.37100180376765646,0.10716281925156301,0.5218353769807805,0.6270737688271322,0.5218353769807805,0.2432845091590139,0.37100180376765646,0.12771729460864256,0,0,stable_wrong,10066,House of Wax,House of Wax,Horror,40000000,113.0,mid_scale,0.07608695652173912,15,96,0,0,Jaume Collet-Serra,medium,budget_mid
flop,flop,flop,0.35785665848221704,0.4823982592454354,0.15974508227234746,0.3095649492452406,0.6165410309274502,0.07389401982730918,0.4823982592454354,0.6165410309274502,0.4823982592454354,0.6165410309274502,0.13414277168201477,1,1,stable_correct,7288,Duplex,Duplex,Action,40000000,89.0,indie,0.12857142857142856,26,8,2,0,Danny DeVito,short,budget_mid
hit,average,average,0.4683725566067154,0.217260066267434,0.31436737712585067,0.498064915380596,0.20105264300391193,0.3008824416154922,0.4683725566067154,0.498064915380596,0.31436737712585067,0.3008824416154922,-0.013484935510358453,0,0,stable_wrong,9348,Species,Species,Science Fiction,35000000,108.0,indie,0.12515527950310557,53,43,1,0,Roger Donaldson,medium,budget_mid
average,hit,hit,0.378657864351261,0.15420429250276732,0.4671378431459717,0.28346542197013713,0.0693179848967889,0.6472165931330739,0.4671378431459717,0.6472165931330739,0.378657864351261,0.28346542197013713,-0.09519244238112384,0,0,stable_wrong,65759,Happy Feet Two,Happy Feet Two,Animation,130000000,100.0,mid_scale,0.28416149068322977,26,22,3,0,George Miller,medium,budget_high
average,flop,flop,0.2752656268078385,0.4651819701106581,0.2595524030815034,0.34603255223353135,0.4190001315501328,0.2349673162163358,0.4651819701106581,0.4190001315501328,0.2752656268078385,0.34603255223353135,0.07076692542569285,0,0,stable_wrong,23172,The Spy Next Door,The Spy Next Door,Action,28000000,94.0,mid_scale,0.04565217391304347,16,3,0,0,Brian Levant,medium,budget_mid
hit,flop,flop,0.27247992329234333,0.4935938531947825,0.2339262235128742,0.1878603132662462,0.7106344785451444,0.10150520818860942,0.4935938531947825,0.7106344785451444,0.2339262235128742,0.10150520818860942,-0.13242101532426478,0,0,stable_wrong,22314,In Too Deep,In Too Deep,Drama,7000000,97.0,indie,0.0795031055900621,10,5,1,0,Michael Rymer,medium,budget_low
hit,hit,hit,0.26626034763198225,0.23552879627922005,0.49821085608879784,0.22986975138371427,0.2856590333851839,0.48447121523110187,0.49821085608879784,0.48447121523110187,0.49821085608879784,0.48447121523110187,-0.013739640857695967,1,1,stable_correct,747,Shaun of the Dead,Shaun of the Dead,Horror,4000000,99.0,large_scale,0.04565217391304347,22,17,0,0,Edgar Wright,medium,budget_low
flop,hit,flop,0.28401890599463026,0.318944060076332,0.39703703392903766,0.16423619324868124,0.6225180899177155,0.21324571683360313,0.39703703392903766,0.6225180899177155,0.318944060076332,0.6225180899177155,0.3035740298413835,0,1,wrong_to_correct,301748,The Opposite Sex,Opposite Sex,Comedy,3300000,96.0,indie,0.0,7,4,0,0,Jonathan Silverman,medium,budget_low
average,flop,flop,0.24173029598314127,0.47455890053937305,0.2837108034774858,0.2579378683652919,0.46295020167311435,0.2791119299615937,0.47455890053937305,0.46295020167311435,0.24173029598314127,0.2579378683652919,0.016207572382150648,0,0,stable_wrong,218043,Left Behind,Left Behind,Thriller,16000000,110.0,indie,0.06428571428571428,27,53,1,0,Vic Armstrong,medium,budget_mid
hit,flop,hit,0.26552874316565733,0.3914695325785833,0.3430017242557594,0.21137039633040322,0.11374567647019043,0.6748839271994064,0.3914695325785833,0.6748839271994064,0.3430017242557594,0.6748839271994064,0.33188220294364695,0,1,wrong_to_correct,660,Thunderball,Thunderball,Adventure,5500000,130.0,indie,0.10993788819875774,19,16,1,0,Terence Young,long,budget_low
average,flop,flop,0.27440223948334463,0.4182641289150162,0.30733363160163923,0.34308444531630133,0.46783432384576495,0.18908123083793368,0.4182641289150162,0.46783432384576495,0.27440223948334463,0.34308444531630133,0.0686822058329567,0,0,stable_wrong,9290,Crocodile Dundee in Los Angeles,Crocodile Dundee in Los Angeles,Adventure,21150000,92.0,mid_scale,0.03043478260869565,19,14,0,0,Simon Wincer,medium,budget_mid
hit,hit,hit,0.3080327780596802,0.3335366311892184,0.3584305907511014,0.33396591594328523,0.32540135449320357,0.34063272956351115,0.3584305907511014,0.34063272956351115,0.3584305907511014,0.34063272956351115,-0.017797861187590247,1,1,stable_correct,10521,Bride Wars,Bride Wars,Comedy,30000000,89.0,large_scale,0.10993788819875774,28,4,1,0,Gary Winick,short,budget_mid
hit,hit,hit,0.1440611302476507,0.13207975311166187,0.7238591166406874,0.24637213057433308,0.17967769560611183,0.5739501738195552,0.7238591166406874,0.5739501738195552,0.7238591166406874,0.5739501738195552,-0.1499089428211322,1,1,stable_correct,338,"Good bye, Lenin!","Good bye, Lenin!",Comedy,4800000,121.0,mid_scale,0.0,16,39,0,0,Wolfgang Becker,long,budget_low
hit,hit,hit,0.3232596606801371,0.07819073499420842,0.5985496043256545,0.28522787958085233,0.18979369958012124,0.5249784208390263,0.5985496043256545,0.5249784208390263,0.5985496043256545,0.5249784208390263,-0.07357118348662817,1,1,stable_correct,62211,Monsters University,Monsters University,Animation,200000000,104.0,indie,0.12857142857142856,24,13,2,0,Dan Scanlon,medium,budget_high
hit,hit,hit,0.36946589724347595,0.2423773482219159,0.3881567545346082,0.3495810613459244,0.1544330844532279,0.49598585420084773,0.3881567545346082,0.49598585420084773,0.3881567545346082,0.49598585420084773,0.10782909966623955,1,1,stable_correct,4232,Scream,Scream,Crime,14000000,111.0,indie,0.37080745341614907,19,81,1,0,Wes Craven,medium,budget_low
average,average,average,0.45968643464355763,0.19266641791684544,0.34764714743959696,0.4802009196023833,0.09621006848928525,0.42358901190833137,0.45968643464355763,0.4802009196023833,0.45968643464355763,0.4802009196023833,0.020514484958825685,1,1,stable_correct,39691,Cats & Dogs 2 : The Revenge of Kitty Galore,Cats & Dogs 2 : The Revenge of Kitty Galore,Comedy,85000000,82.0,indie,0.09472049689440992,18,10,1,1,Brad Peyton,short,budget_high
flop,flop,flop,0.20962059079481232,0.4902430607871319,0.30013634841805575,0.12044077726572033,0.7631899065290547,0.11636931620522496,0.4902430607871319,0.7631899065290547,0.4902430607871319,0.7631899065290547,0.2729468457419228,1,1,stable_correct,44113,Stone,Stone,Drama,22000000,105.0,indie,0.12857142857142856,11,2,2,0,John Curran,medium,budget_mid
hit,flop,flop,0.31149922298224864,0.5151646666904609,0.1733361103272905,0.3093549620929513,0.5349070920622062,0.15573794584484252,0.5151646666904609,0.5349070920622062,0.1733361103272905,0.15573794584484252,-0.01759816448244797,0,0,stable_wrong,12094,Jackass Number Two,Jackass Number Two,Action,11000000,95.0,indie,0.04565217391304347,31,15,0,0,Jeff Tremaine,medium,budget_low
average,flop,flop,0.2724028282867315,0.4935257574240793,0.23407141428918912,0.25908839661201016,0.5010791640292147,0.23983243935877518,0.4935257574240793,0.5010791640292147,0.2724028282867315,0.25908839661201016,-0.01331443167472135,0,0,stable_wrong,129670,Nebraska,Nebraska,Drama,12000000,115.0,indie,0.04565217391304347,14,69,0,0,Alexander Payne,medium,budget_low
hit,flop,average,0.31936663076098676,0.42695276455335585,0.2536806046856575,0.43334494585315503,0.3747800156631093,0.19187503848373574,0.42695276455335585,0.43334494585315503,0.2536806046856575,0.19187503848373574,-0.06180556620192176,0,0,stable_wrong,1359,American Psycho,American Psycho,Thriller,7000000,102.0,mid_scale,0.12857142857142856,19,59,2,0,Mary Harron,medium,budget_low
flop,flop,flop,0.332629692558645,0.42076087311213656,0.2466094343292185,0.35467590368415763,0.37309911470000445,0.27222498161583797,0.42076087311213656,0.37309911470000445,0.42076087311213656,0.37309911470000445,-0.047661758412132105,1,1,stable_correct,70074,Bullet to the Head,Bullet to the Head,Action,55000000,92.0,large_scale,0.10993788819875774,19,84,1,0,Walter Hill,medium,budget_high
average,average,hit,0.4250463116953356,0.19627334931438226,0.37868033899028214,0.4155259032700075,0.07792759398702351,0.5065465027429691,0.4250463116953356,0.5065465027429691,0.4250463116953356,0.4155259032700075,-0.009520408425328086,1,0,correct_to_wrong,18823,Clash of the Titans,Clash of the Titans,Adventure,125000000,106.0,large_scale,0.2046583850931677,35,123,2,0,Louis Leterrier,medium,budget_high
hit,average,flop,0.4059444146458606,0.3342349870581267,0.25982059829601273,0.274667418724515,0.5604424848499864,0.1648900964254985,0.4059444146458606,0.5604424848499864,0.25982059829601273,0.1648900964254985,-0.09493050187051422,0,0,stable_wrong,71688,The Iron Lady,The Iron Lady,History,13000000,105.0,large_scale,0.14378881987577638,31,15,2,0,Phyllida Lloyd,medium,budget_low
hit,flop,hit,0.24995681891741084,0.4275654461521533,0.32247773493043586,0.21847711955973279,0.22901027951702402,0.5525126009232432,0.4275654461521533,0.5525126009232432,0.32247773493043586,0.5525126009232432,0.2300348659928073,0,1,wrong_to_correct,16769,Coal Miner's Daughter,Coal Miner's Daughter,Drama,15000000,125.0,indie,0.12515527950310557,21,17,1,0,Michael Apted,long,budget_low
hit,average,hit,0.5336515875839397,0.05279800089537766,0.41355041152068256,0.19296805894782948,0.012251856418060394,0.7947800846341101,0.5336515875839397,0.7947800846341101,0.41355041152068256,0.7947800846341101,0.38122967311342754,0,1,wrong_to_correct,271110,Captain America: Civil War,Captain America: Civil War,Adventure,250000000,147.0,large_scale,0.14378881987577638,100,119,2,1,Anthony Russo,long,budget_high
flop,flop,flop,0.2952084354421482,0.5399776769636581,0.16481388759419377,0.25107288949515194,0.6270742988868547,0.12185281161799341,0.5399776769636581,0.6270742988868547,0.5399776769636581,0.6270742988868547,0.08709662192319667,1,1,stable_correct,24746,Six-String Samurai,Six-String Samurai,Action,2000000,91.0,indie,0.0,15,9,0,0,Lance Mungia,medium,budget_low
hit,flop,hit,0.27995704813605965,0.45723421939554443,0.2628087324683959,0.08469170333874318,0.4120431045398685,0.5032651921213883,0.45723421939554443,0.5032651921213883,0.2628087324683959,0.5032651921213883,0.2404564596529924,0,1,wrong_to_correct,25209,Annie Get Your Gun,Annie Get Your Gun,Action,3768785,107.0,indie,0.03043478260869565,6,4,0,0,George Sidney,medium,budget_low
average,average,average,0.44854261387847266,0.19862287880014293,0.35283450732138444,0.8127800910332046,0.028420871735372107,0.15879903723142333,0.44854261387847266,0.8127800910332046,0.44854261387847266,0.8127800910332046,0.3642374771547319,1,1,stable_correct,855,Black Hawk Down,Black Hawk Down,Action,92000000,144.0,mid_scale,0.4468944099378882,34,156,1,0,Ridley Scott,long,budget_high
average,flop,hit,0.2780674913664632,0.38549128275623845,0.3364412258772984,0.254285859168115,0.2538703362012886,0.49184380463059635,0.38549128275623845,0.49184380463059635,0.2780674913664632,0.254285859168115,-0.023781632198348168,0,0,stable_wrong,641,Requiem for a Dream,Requiem for a Dream,Crime,4500000,102.0,indie,0.07608695652173912,27,25,0,0,Darren Aronofsky,medium,budget_low
hit,average,flop,0.384105558305874,0.32819541087574844,0.28769903081837744,0.41135384648713774,0.4904994034420238,0.09814675007083852,0.384105558305874,0.4904994034420238,0.28769903081837744,0.09814675007083852,-0.18955228074753894,0,0,stable_wrong,2140,Kiss of the Dragon,Kiss of the Dragon,Action,25000000,98.0,large_scale,0.0,16,17,0,0,Chris Nahon,medium,budget_mid
average,flop,flop,0.2529263852127568,0.4102368086426264,0.3368368061446168,0.20880588951365422,0.4458064972842431,0.3453876132021027,0.4102368086426264,0.4458064972842431,0.2529263852127568,0.20880588951365422,-0.04412049569910256,0,0,stable_wrong,27585,Rabbit Hole,Rabbit Hole,Drama,5000000,91.0,indie,0.0795031055900621,28,10,1,0,John Cameron Mitchell,medium,budget_low
flop,flop,flop,0.31722088885447547,0.4030586705128145,0.27972044063271007,0.3123070974595883,0.5488246821410717,0.13886822039933994,0.4030586705128145,0.5488246821410717,0.4030586705128145,0.5488246821410717,0.1457660116282572,1,1,stable_correct,21755,The Brothers Bloom,The Brothers Bloom,Adventure,20000000,114.0,mid_scale,0.0795031055900621,25,20,1,0,Rian Johnson,medium,budget_mid
hit,flop,average,0.31979841157236033,0.44511586962729954,0.23508571880034018,0.4476610043910621,0.2990493588609626,0.2532896367479752,0.44511586962729954,0.4476610043910621,0.23508571880034018,0.2532896367479752,0.01820391794763504,0,0,stable_wrong,2142,Cop Land,Cop Land,Action,15000000,104.0,mid_scale,0.2046583850931677,21,20,2,0,James Mangold,medium,budget_low
average,flop,average,0.3673582265894129,0.4115618806078668,0.22107989280272025,0.6591407958261069,0.07861384468573898,0.2622453594881542,0.4115618806078668,0.6591407958261069,0.3673582265894129,0.6591407958261069,0.29178256923669393,0,1,wrong_to_correct,4105,Black Rain,Black Rain,Action,30000000,125.0,mid_scale,0.3826086956521739,53,43,0,0,Ridley Scott,long,budget_mid
hit,average,average,0.5284958726180768,0.11395400201248736,0.3575501253694358,0.5016117056290099,0.09171982524276272,0.4066684691282273,0.5284958726180768,0.5016117056290099,0.3575501253694358,0.4066684691282273,0.04911834375879148,0,0,stable_wrong,81188,Rise of the Guardians,Rise of the Guardians,Fantasy,145000000,97.0,indie,0.12857142857142856,16,10,2,1,Peter Ramsey,medium,budget_high
average,hit,average,0.3830996896938347,0.20427212143123022,0.4126281888749352,0.5078692041815206,0.18381604782275332,0.30831474799572606,0.4126281888749352,0.5078692041815206,0.3830996896938347,0.5078692041815206,0.12476951448768592,0,1,wrong_to_correct,9297,Monster House,Monster House,Animation,75000000,91.0,large_scale,0.0795031055900621,17,93,1,0,Gil Kenan,medium,budget_high
hit,flop,average,0.3193935569830701,0.38526300251559265,0.29534344050133726,0.3846289735065622,0.3190916179731657,0.29627940852027207,0.38526300251559265,0.3846289735065622,0.29534344050133726,0.29627940852027207,0.0009359680189348074,0,0,stable_wrong,8836,The X Files: I Want to Believe,The X Files: I Want to Believe,Drama,30000000,104.0,mid_scale,0.0,42,200,0,0,Chris Carter,medium,budget_mid
average,flop,hit,0.24797863504994486,0.4188217566036933,0.3331996083463619,0.012751488172148271,0.031350899425235876,0.9558976124026157,0.4188217566036933,0.9558976124026157,0.24797863504994486,0.012751488172148271,-0.23522714687779658,0,0,stable_wrong,28932,F.I.S.T.,F.I.S.T.,Drama,11,145.0,indie,0.1590062111801242,14,2,2,0,Norman Jewison,long,budget_low
average,flop,flop,0.2725986612293904,0.4241660539703991,0.3032352848002104,0.20293500001197312,0.6284305689094325,0.16863443107859433,0.4241660539703991,0.6284305689094325,0.2725986612293904,0.20293500001197312,-0.0696636612174173,0,0,stable_wrong,97430,The Man with the Iron Fists,The Man with the Iron Fists,Action,15000000,96.0,indie,0.06428571428571428,21,12,1,0,RZA,medium,budget_low
average,flop,flop,0.34750651308836294,0.39783353561036333,0.2546599513012738,0.36759996858401117,0.4076753841386555,0.22472464727733338,0.39783353561036333,0.4076753841386555,0.34750651308836294,0.36759996858401117,0.020093455495648227,0,0,stable_wrong,4959,The International,The International,Drama,50000000,118.0,mid_scale,0.10993788819875774,36,8,1,0,Tom Tykwer,medium,budget_high
hit,hit,average,0.39807529415939374,0.19462660795803674,0.40729809788256943,0.5364890342998608,0.2449499807372405,0.21856098496289866,0.40729809788256943,0.5364890342998608,0.40729809788256943,0.21856098496289866,-0.18873711291967077,1,0,correct_to_wrong,1819,"You, Me and Dupree","You, Me and Dupree",Comedy,54000000,108.0,mid_scale,0.14378881987577638,14,17,2,0,Anthony Russo,medium,budget_high
flop,flop,flop,0.34120172418844985,0.3728004230568116,0.2859978527547385,0.27486327925359905,0.6447549783006158,0.0803817424457852,0.3728004230568116,0.6447549783006158,0.3728004230568116,0.6447549783006158,0.2719545552438042,1,1,stable_correct,15074,Extreme Ops,Extreme Ops,Action,40000000,93.0,mid_scale,0.0,10,17,0,0,Christian Duguay,medium,budget_mid
hit,hit,hit,0.4111552107181767,0.06402624220592802,0.5248185470758953,0.14809695218850466,0.03685173998342502,0.8150513078280704,0.5248185470758953,0.8150513078280704,0.5248185470758953,0.8150513078280704,0.2902327607521752,1,1,stable_correct,597,Titanic,Titanic,Drama,200000000,194.0,mid_scale,0.2198757763975155,136,65,2,0,James Cameron,long,budget_high
hit,average,hit,0.5043014466355444,0.21640162651486505,0.27929692684959045,0.4080895461765693,0.06438525342950197,0.5275252003939287,0.5043014466355444,0.5275252003939287,0.27929692684959045,0.5275252003939287,0.24822827354433824,0,1,wrong_to_correct,36586,Blade II,Blade II,Fantasy,54000000,117.0,large_scale,0.0608695652173913,48,167,0,1,Guillermo del Toro,medium,budget_high
hit,hit,hit,0.2153699138692466,0.14397112099801898,0.6406589651327343,0.2583783224500062,0.30470978896172635,0.4369118885882675,0.6406589651327343,0.4369118885882675,0.6406589651327343,0.4369118885882675,-0.20374707654446683,1,1,stable_correct,11442,Halloween: Resurrection,Halloween: Resurrection,Horror,13000000,94.0,indie,0.0,30,6,0,0,Rick Rosenthal,medium,budget_low
average,hit,average,0.3524666147538297,0.23977716335107999,0.40775622189509025,0.4449075239425013,0.1717810871717047,0.38331138888579397,0.40775622189509025,0.4449075239425013,0.3524666147538297,0.4449075239425013,0.09244090918867165,0,1,wrong_to_correct,2157,Lost in Space,Lost in Space,Adventure,80000000,130.0,mid_scale,0.12515527950310557,20,105,1,0,Stephen Hopkins,long,budget_high
hit,hit,hit,0.35402894572996374,0.26246434799920026,0.38350670627083594,0.3128752615873375,0.29725413068616574,0.3898706077264967,0.38350670627083594,0.3898706077264967,0.38350670627083594,0.3898706077264967,0.0063639014556607365,1,1,stable_correct,64328,The Muppets,The Muppets,Comedy,45000000,103.0,indie,0.09472049689440992,47,3,1,0,James Bobin,medium,budget_high
hit,flop,flop,0.27755107188786676,0.37079969139494195,0.35164923671719134,0.23631404525764496,0.47850404481913034,0.2851819099232247,0.37079969139494195,0.47850404481913034,0.35164923671719134,0.2851819099232247,-0.06646732679396666,0,0,stable_wrong,46705,Blue Valentine,Blue Valentine,Drama,3500000,112.0,large_scale,0.0,15,26,0,0,Derek Cianfrance,medium,budget_low
hit,average,average,0.4858106566935862,0.3203153128895457,0.19387403041686807,0.4962496521013185,0.21778171169242078,0.2859686362062608,0.4858106566935862,0.4962496521013185,0.19387403041686807,0.2859686362062608,0.09209460578939271,0,0,stable_wrong,58233,Johnny English Reborn,Johnny English Reborn,Crime,45000000,101.0,indie,0.015217391304347825,32,3,0,1,Oliver Parker,medium,budget_high
hit,average,hit,0.3981006765449372,0.37994178703767506,0.22195753641738764,0.23953436279711654,0.14661525070373782,0.6138503864991457,0.3981006765449372,0.6138503864991457,0.22195753641738764,0.6138503864991457,0.39189285008175806,0,1,wrong_to_correct,11240,My Beautiful Laundrette,My Beautiful Laundrette,Romance,860000,97.0,mid_scale,0.07608695652173912,31,18,0,0,Stephen Frears,medium,budget_low
hit,hit,flop,0.2547429229035641,0.26809651353092406,0.4771605635655118,0.3065001653585925,0.3898399338149974,0.30365990082641026,0.4771605635655118,0.3898399338149974,0.4771605635655118,0.30365990082641026,-0.17350066273910153,1,0,correct_to_wrong,37686,Super 8,Super 8,Thriller,50000000,112.0,mid_scale,0.03043478260869565,24,18,0,0,J.J. Abrams,medium,budget_high
hit,hit,flop,0.2644704347414683,0.3324791696351183,0.40305039562341327,0.2749987313975215,0.4193204895875537,0.3056807790149247,0.40305039562341327,0.4193204895875537,0.40305039562341327,0.3056807790149247,-0.09736961660848859,1,0,correct_to_wrong,14047,The Great Debaters,The Great Debaters,Drama,15000000,126.0,mid_scale,0.06428571428571428,49,24,1,0,Denzel Washington,long,budget_low
hit,hit,hit,0.33222834189391776,0.16157266563851128,0.5061989924675709,0.3087158889932385,0.10673564063562253,0.584548470371139,0.5061989924675709,0.584548470371139,0.5061989924675709,0.584548470371139,0.07834947790356805,1,1,stable_correct,671,Harry Potter and the Philosopher's Stone,Harry Potter and the Philosopher's Stone,Adventure,125000000,152.0,mid_scale,0.09130434782608694,58,134,0,0,Chris Columbus,long,budget_high
hit,flop,flop,0.18500183374589985,0.4916060374848204,0.3233921287692797,0.13854256823580535,0.5563121171612492,0.3051453146029454,0.4916060374848204,0.5563121171612492,0.3233921287692797,0.3051453146029454,-0.01824681416633428,0,0,stable_wrong,44639,Inside Job,Inside Job,Documentary,2000000,109.0,indie,0.0795031055900621,9,31,1,0,Charles Ferguson,medium,budget_low
average,flop,hit,0.33156141521650934,0.3942672902298161,0.27417129455367467,0.3463120604084357,0.2588777992893931,0.3948101403021712,0.3942672902298161,0.3948101403021712,0.33156141521650934,0.3463120604084357,0.01475064519192637,0,0,stable_wrong,11439,The Ghost Writer,The Ghost Writer,Thriller,45000000,128.0,mid_scale,0.18944099378881984,33,28,2,0,Roman Polanski,long,budget_high
average,hit,average,0.3905926598957916,0.21644040441669,0.39296693568751845,0.39140129870555224,0.24860995368650074,0.3599887476079471,0.39296693568751845,0.39140129870555224,0.3905926598957916,0.39140129870555224,0.0008086388097606201,0,1,wrong_to_correct,41216,Legend of the Guardians: The Owls of Ga'Hoole,Legend of the Guardians: The Owls of Ga'Hoole,Animation,80000000,97.0,mid_scale,0.07608695652173912,22,13,0,0,Zack Snyder,medium,budget_high
flop,flop,flop,0.24613843202576488,0.44095595782353103,0.3129056101507041,0.283022562442293,0.5168619668428821,0.20011547071482494,0.44095595782353103,0.5168619668428821,0.44095595782353103,0.5168619668428821,0.07590600901935107,1,1,stable_correct,12257,Home Fries,Home Fries,Drama,15000000,93.0,mid_scale,0.09472049689440992,8,23,1,0,Dean Parisot,medium,budget_low
hit,average,average,0.4536864044422686,0.23873682582134667,0.30757676973638476,0.4399507879528718,0.419168900749868,0.1408803112972602,0.4536864044422686,0.4399507879528718,0.30757676973638476,0.1408803112972602,-0.16669645843912456,0,0,stable_wrong,199,Star Trek: First Contact,Star Trek: First Contact,Science Fiction,46000000,111.0,indie,0.09472049689440992,14,18,1,0,Jonathan Frakes,medium,budget_high
hit,average,average,0.4837324162374944,0.17581136717945606,0.34045621658304953,0.49980213546090974,0.03832145994759301,0.4618764045914973,0.4837324162374944,0.49980213546090974,0.34045621658304953,0.4618764045914973,0.12142018800844778,0,0,stable_wrong,2048,"I, Robot","I, Robot",Action,120000000,115.0,large_scale,0.18944099378881984,21,138,2,1,Alex Proyas,medium,budget_high
hit,hit,flop,0.2990537260845748,0.3265786620281892,0.37436761188723605,0.34519002006517996,0.35343075420649944,0.3013792257283206,0.37436761188723605,0.35343075420649944,0.37436761188723605,0.3013792257283206,-0.07298838615891545,1,0,correct_to_wrong,328425,The Gift,The Gift,Thriller,5000000,108.0,large_scale,0.0,19,44,0,0,Joel Edgerton,medium,budget_low
flop,hit,average,0.3300814909917968,0.29587838130690136,0.3740401277013019,0.4343580737380941,0.20251879390537816,0.36312313235652777,0.3740401277013019,0.4343580737380941,0.29587838130690136,0.20251879390537816,-0.0933595874015232,0,0,stable_wrong,10199,The Tale of Despereaux,The Tale of Despereaux,Adventure,60000000,93.0,indie,0.12857142857142856,18,76,2,0,Robert Stevenhagen,medium,budget_high
hit,flop,average,0.27865257958159173,0.41097460040434775,0.3103728200140606,0.38541755232098757,0.2521653955008006,0.36241705217821185,0.41097460040434775,0.38541755232098757,0.3103728200140606,0.36241705217821185,0.05204423216415127,0,0,stable_wrong,8916,Antz,Antz,Adventure,60000000,83.0,mid_scale,0.2385093167701863,18,66,3,0,Eric Darnell,short,budget_high
hit,hit,hit,0.09046431277075075,0.21788243140645921,0.6916532558227901,0.131584923072586,0.36562633010946505,0.5027887468179489,0.6916532558227901,0.5027887468179489,0.6916532558227901,0.5027887468179489,-0.1888645090048412,1,1,stable_correct,4251,Veer-Zaara,Veer-Zaara,Drama,7000000,192.0,indie,0.0,13,15,0,0,Yash Chopra,long,budget_low
flop,hit,flop,0.2919651011456214,0.3459020022517332,0.36213289660264547,0.24435730692531596,0.5196719778412753,0.23597071523340873,0.36213289660264547,0.5196719778412753,0.3459020022517332,0.5196719778412753,0.1737699755895421,0,1,wrong_to_correct,27004,Ca$h,Ca$h,Crime,7000000,108.0,indie,0.0,12,11,0,0,Stephen Milburn Anderson,medium,budget_low
hit,flop,hit,0.24137471196406024,0.42235957385488654,0.3362657141810531,0.058809926871253755,0.23141085136571843,0.7097792217630279,0.42235957385488654,0.7097792217630279,0.3362657141810531,0.7097792217630279,0.37351350758197477,0,1,wrong_to_correct,27191,The Greatest Show on Earth,The Greatest Show on Earth,Action,4000000,152.0,indie,0.0,33,5,0,0,Cecil B. DeMille,long,budget_low
average,hit,average,0.34209065379245324,0.23948738997421307,0.4184219562333338,0.40416161317031507,0.247371704482812,0.348466682346873,0.4184219562333338,0.40416161317031507,0.34209065379245324,0.40416161317031507,0.062070959377861834,0,1,wrong_to_correct,309809,The Little Prince,The Little Prince,Adventure,64000000,92.0,large_scale,0.20807453416149066,20,7,3,0,Mark Osborne,medium,budget_high
flop,flop,flop,0.35600706958646583,0.39058797853816907,0.25340495187536516,0.37932127003846805,0.44554354945370866,0.17513518050782323,0.39058797853816907,0.44554354945370866,0.39058797853816907,0.44554354945370866,0.0549555709155396,1,1,stable_correct,77948,The Cold Light of Day,The Cold Light of Day,Action,20000000,93.0,large_scale,0.06428571428571428,22,20,1,0,Mabrouk El Mechri,medium,budget_mid
flop,hit,flop,0.2671445011857963,0.2962380431199437,0.43661745569426,0.23415639290794837,0.4552206356290267,0.310622971463025,0.43661745569426,0.4552206356290267,0.2962380431199437,0.4552206356290267,0.15898259250908303,0,1,wrong_to_correct,88005,Seeking a Friend for the End of the World,Seeking a Friend for the End of the World,Comedy,10000000,101.0,mid_scale,0.06428571428571428,37,15,1,0,Lorene Scafaria,medium,budget_low
flop,flop,hit,0.28176522811662313,0.3988985074657334,0.3193362644176435,0.3002987705097629,0.34045006958340507,0.35925115990683204,0.3988985074657334,0.35925115990683204,0.3988985074657334,0.34045006958340507,-0.05844843788232834,1,0,correct_to_wrong,8952,I Love You Phillip Morris,I Love You Phillip Morris,Comedy,13000000,98.0,indie,0.1590062111801242,34,22,2,0,Glenn Ficarra,medium,budget_low
hit,flop,hit,0.2522467270208863,0.4227968048894047,0.32495646808970907,0.038967056097807304,0.046668640320290396,0.9143643035819022,0.4227968048894047,0.9143643035819022,0.32495646808970907,0.9143643035819022,0.5894078354921932,0,1,wrong_to_correct,10895,Pinocchio,Pinocchio,Animation,2600000,88.0,indie,0.0,12,75,0,0,Ben Sharpsteen,short,budget_low
flop,average,average,0.45822078163397834,0.20706652548125232,0.33471269288476946,0.5396969215561919,0.25552930497866133,0.20477377346514689,0.45822078163397834,0.5396969215561919,0.20706652548125232,0.25552930497866133,0.048462779497409014,0,0,stable_wrong,11260,Meet Dave,Meet Dave,Comedy,60000000,90.0,large_scale,0.09472049689440992,16,38,1,0,Brian Robbins,medium,budget_high
hit,flop,hit,0.2355494253751974,0.4023703265301453,0.36208024809465716,0.20388633923930016,0.257176076747938,0.5389375840127618,0.4023703265301453,0.5389375840127618,0.36208024809465716,0.5389375840127618,0.17685733591810465,0,1,wrong_to_correct,205220,Philomena,Philomena,Drama,12000000,98.0,large_scale,0.07608695652173912,39,21,0,0,Stephen Frears,medium,budget_low
hit,hit,hit,0.18576250374963846,0.25592399295562035,0.5583135032947412,0.040169596041779054,0.03375879266104045,0.9260716112971805,0.5583135032947412,0.9260716112971805,0.5583135032947412,0.9260716112971805,0.36775810800243935,1,1,stable_correct,948,Halloween,Halloween,Horror,300000,91.0,indie,0.3065217391304348,25,17,0,0,John Carpenter,medium,budget_low
flop,flop,average,0.39282863113967303,0.4073401823856868,0.19983118647464004,0.5285922002574834,0.37539936222800957,0.09600843751450698,0.4073401823856868,0.5285922002574834,0.4073401823856868,0.37539936222800957,-0.03194082015767724,1,0,correct_to_wrong,9923,Domino,Domino,Action,50000000,127.0,large_scale,0.33695652173913043,26,29,0,0,Tony Scott,long,budget_high
flop,flop,hit,0.31657335539782056,0.36171206410067525,0.32171458050150425,0.2919075725628405,0.24363145920494128,0.46446096823221816,0.36171206410067525,0.46446096823221816,0.36171206410067525,0.24363145920494128,-0.11808060489573396,1,0,correct_to_wrong,306745,Freeheld,Freeheld,Romance,7000000,103.0,mid_scale,0.22329192546583848,29,4,3,0,Peter Sollett,medium,budget_low
average,flop,hit,0.2585689724316775,0.5966373953279616,0.14479363224036082,0.3079558274157487,0.3300055320447211,0.3620386405395302,0.5966373953279616,0.3620386405395302,0.2585689724316775,0.3079558274157487,0.04938685498407119,0,0,stable_wrong,48231,A Dangerous Method,A Dangerous Method,Drama,15000000,99.0,large_scale,0.0608695652173913,34,59,0,0,David Cronenberg,medium,budget_low
average,flop,average,0.3565312961866336,0.3972054781394065,0.24626322567395992,0.3781532315820034,0.3237692702905886,0.2980774981274081,0.3972054781394065,0.3781532315820034,0.3565312961866336,0.3781532315820034,0.02162193539536983,0,1,wrong_to_correct,39514,RED,RED,Action,58000000,111.0,mid_scale,0.33322981366459625,29,13,4,0,Robert Schwentke,medium,budget_high
flop,flop,flop,0.2477316179501736,0.47470557606222347,0.27756280598760286,0.22013858019691895,0.6061115498031877,0.17374986999989334,0.47470557606222347,0.6061115498031877,0.47470557606222347,0.6061115498031877,0.13140597374096424,1,1,stable_correct,46849,Eye of the Dolphin,Eye of the Dolphin,Drama,2500000,100.0,large_scale,0.0,16,3,0,0,Michael D. Sellers,medium,budget_low
average,average,hit,0.3520983102202639,0.30272437653407,0.3451773132456662,0.4273158302474934,0.13638566719947298,0.4362985025530336,0.3520983102202639,0.4362985025530336,0.3520983102202639,0.4273158302474934,0.07521752002722953,1,0,correct_to_wrong,72197,The Pirates! In an Adventure with Scientists!,The Pirates! In an Adventure with Scientists!,Animation,60000000,88.0,mid_scale,0.12857142857142856,13,57,2,0,Peter Lord,short,budget_high
hit,hit,hit,0.4288969487750306,0.08406355687541799,0.4870394943495515,0.35573462287812596,0.09022028354169047,0.5540450935801836,0.4870394943495515,0.5540450935801836,0.4870394943495515,0.5540450935801836,0.0670055992306321,1,1,stable_correct,1930,The Amazing Spider-Man,The Amazing Spider-Man,Action,215000000,136.0,mid_scale,0.03043478260869565,57,106,0,0,Marc Webb,long,budget_high
flop,flop,flop,0.32041751922984807,0.3676015931312053,0.31198088763894666,0.27751690722499234,0.5646887356024509,0.1577943571725568,0.3676015931312053,0.5646887356024509,0.3676015931312053,0.5646887356024509,0.19708714247124565,1,1,stable_correct,13991,College,College,Comedy,7000000,94.0,indie,0.0,19,1,0,0,Deb Hagan,medium,budget_low
hit,flop,flop,0.36936240069253246,0.3831759053617018,0.2474616939457657,0.2380208493623117,0.7035720010610385,0.05840714957664989,0.3831759053617018,0.7035720010610385,0.2474616939457657,0.05840714957664989,-0.1890545443691158,0,0,stable_wrong,13972,The Women,The Women,Comedy,16000000,114.0,indie,0.0,11,1,0,0,Diane English,medium,budget_mid
hit,average,average,0.37905676740939104,0.27746238900029885,0.3434808435903101,0.4419870240414739,0.34625354407442616,0.2117594318840999,0.37905676740939104,0.4419870240414739,0.3434808435903101,0.2117594318840999,-0.1317214117062102,0,0,stable_wrong,42684,Skyline,Skyline,Science Fiction,10000000,100.0,large_scale,0.015217391304347825,13,22,0,0,Colin Strause,medium,budget_low
hit,average,hit,0.6611904587911267,0.05556275520541665,0.2832467860034566,0.35257483771177217,0.02020063497429311,0.6272245273139347,0.6611904587911267,0.6272245273139347,0.2832467860034566,0.6272245273139347,0.34397774131047815,0,1,wrong_to_correct,99861,Avengers: Age of Ultron,Avengers: Age of Ultron,Action,280000000,141.0,mid_scale,0.22329192546583848,72,74,3,1,Joss Whedon,long,budget_high
average,hit,hit,0.20223298218137198,0.21493274387174896,0.582834273946879,0.24263071194853553,0.16081361728543134,0.5965556707660332,0.582834273946879,0.5965556707660332,0.20223298218137198,0.24263071194853553,0.04039772976716355,0,0,stable_wrong,16353,Ong Bak 2,Ong Bak 2,Adventure,8500000,98.0,indie,0.0,4,5,0,1,Tony Jaa,medium,budget_low
hit,flop,flop,0.34512468506852667,0.38188334413673036,0.27299197079474297,0.29648763485987273,0.40524588347935064,0.29826648166077674,0.38188334413673036,0.40524588347935064,0.27299197079474297,0.29826648166077674,0.025274510866033773,0,0,stable_wrong,157386,The Spectacular Now,The Spectacular Now,Comedy,2500000,95.0,mid_scale,0.0,29,18,0,0,James Ponsoldt,medium,budget_low
hit,hit,flop,0.2630792065882048,0.33746361838416516,0.39945717502763,0.2665526267902615,0.5214601917410082,0.2119871814687303,0.39945717502763,0.5214601917410082,0.39945717502763,0.2119871814687303,-0.1874699935588997,1,0,correct_to_wrong,943,Lethal Weapon 3,Lethal Weapon 3,Adventure,35000000,118.0,indie,0.45031055900621114,11,20,2,1,Richard Donner,medium,budget_mid
average,flop,flop,0.2639356875671992,0.5080364320212444,0.22802788041155633,0.2558000670960472,0.6339624403837788,0.11023749252017391,0.5080364320212444,0.6339624403837788,0.2639356875671992,0.2558000670960472,-0.008135620471152016,0,0,stable_wrong,11022,Narc,Narc,Action,6500000,105.0,mid_scale,0.03043478260869565,12,11,0,0,Joe Carnahan,medium,budget_low
hit,hit,hit,0.1753421783475818,0.1830740166058418,0.6415838050465764,0.20974126536138252,0.2824309099319209,0.5078278247066965,0.6415838050465764,0.5078278247066965,0.6415838050465764,0.5078278247066965,-0.1337559803398799,1,1,stable_correct,22894,Legion,Legion,Horror,26000000,100.0,indie,0.0795031055900621,15,22,1,0,Scott Stewart,medium,budget_mid
flop,flop,flop,0.34486972837171476,0.40461530985519756,0.25051496177308774,0.28568337337782274,0.5434307078500775,0.17088591877209972,0.40461530985519756,0.5434307078500775,0.40461530985519756,0.5434307078500775,0.13881539799487996,1,1,stable_correct,20697,Ready to Rumble,Ready to Rumble,Action,24000000,107.0,indie,0.03043478260869565,47,10,0,0,Brian Robbins,medium,budget_mid
flop,average,average,0.3772780724087552,0.2714022451705474,0.3513196824206975,0.48468093051119526,0.36427694247000675,0.15104212701879793,0.3772780724087552,0.48468093051119526,0.2714022451705474,0.36427694247000675,0.09287469729945935,0,0,stable_wrong,1997,Two Brothers,Deux frères,Adventure,74500000,109.0,large_scale,0.04565217391304347,15,11,0,0,Jean-Jacques Annaud,medium,budget_high
hit,average,average,0.356781497783616,0.29317026034066135,0.35004824187572264,0.44427254616593703,0.24847622140484582,0.3072512324292171,0.356781497783616,0.44427254616593703,0.35004824187572264,0.3072512324292171,-0.04279700944650555,0,0,stable_wrong,140823,Saving Mr. Banks,Saving Mr. Banks,Comedy,35000000,125.0,large_scale,0.1590062111801242,18,17,2,0,John Lee Hancock,long,budget_mid
average,flop,flop,0.3390281624110253,0.4110602961441873,0.2499115414447874,0.3335534053878416,0.44088267808468373,0.22556391652747476,0.4110602961441873,0.44088267808468373,0.3390281624110253,0.3335534053878416,-0.005474757023183674,0,0,stable_wrong,12569,Extract,Extract,Comedy,8000000,92.0,indie,0.20807453416149066,25,8,3,0,Mike Judge,medium,budget_low
average,flop,average,0.24141202058120617,0.5791219813204795,0.17946599809831418,0.3430759273275016,0.3354453847077044,0.32147868796479395,0.5791219813204795,0.3430759273275016,0.24141202058120617,0.3430759273275016,0.10166390674629541,0,1,wrong_to_correct,10364,Catch-22,Catch-22,War,18000000,121.0,indie,0.015217391304347825,20,21,0,1,Mike Nichols,long,budget_mid
hit,hit,flop,0.24590841552812448,0.3287809079033965,0.4253106765684791,0.24691646206321527,0.4080019310222602,0.3450816069145245,0.4253106765684791,0.4080019310222602,0.4253106765684791,0.3450816069145245,-0.0802290696539546,1,0,correct_to_wrong,1637,Speed,Speed,Action,30000000,116.0,indie,0.10993788819875774,58,10,1,0,Jan de Bont,medium,budget_mid
average,average,average,0.36733025719901286,0.3238219554875494,0.3088477873134378,0.4760986818347672,0.24126449757267038,0.2826368205925623,0.36733025719901286,0.4760986818347672,0.36733025719901286,0.4760986818347672,0.10876842463575437,1,1,stable_correct,10368,Tea with Mussolini,Tea with Mussolini,Comedy,12000000,117.0,mid_scale,0.0,16,9,0,1,Franco Zeffirelli,medium,budget_low
hit,hit,hit,0.2808950680120958,0.3120142619544775,0.40709067003342664,0.3626565131218398,0.22190162588800338,0.41544186099015673,0.40709067003342664,0.41544186099015673,0.40709067003342664,0.41544186099015673,0.008351190956730092,1,1,stable_correct,8645,The Happening,The Happening,Thriller,60000000,91.0,large_scale,0.43509316770186335,22,19,2,0,M. Night Shyamalan,medium,budget_high
hit,flop,flop,0.3477169235507193,0.3871382047460975,0.2651448717031833,0.27142986823658116,0.4834837060601489,0.24508642570326994,0.3871382047460975,0.4834837060601489,0.2651448717031833,0.24508642570326994,-0.020058445999913355,0,0,stable_wrong,24266,The Man from Snowy River,The Man from Snowy River,Family,3500000,104.0,indie,0.0,15,4,0,0,George T. Miller,medium,budget_low
flop,hit,hit,0.2900874267698035,0.23065876009759984,0.47925381313259663,0.2495872314402737,0.344516678338088,0.4058960902216382,0.47925381313259663,0.4058960902216382,0.23065876009759984,0.344516678338088,0.11385791824048819,0,0,stable_wrong,26428,Agora,Agora,Adventure,70000000,127.0,large_scale,0.015217391304347825,73,51,0,0,Alejandro Amenábar,long,budget_high
hit,hit,hit,0.2762065264639876,0.29605596124527855,0.4277375122907338,0.17886615230084038,0.15468044034981984,0.6664534073493398,0.4277375122907338,0.6664534073493398,0.4277375122907338,0.6664534073493398,0.23871589505860596,1,1,stable_correct,380,Rain Man,Rain Man,Drama,25000000,133.0,indie,0.2046583850931677,39,58,2,0,Barry Levinson,long,budget_mid
hit,flop,flop,0.3327302374032655,0.5211261454851942,0.14614361711154034,0.3551576230363347,0.5326555876458545,0.11218678931781076,0.5211261454851942,0.5326555876458545,0.14614361711154034,0.11218678931781076,-0.03395682779372958,0,0,stable_wrong,9759,Cellular,Cellular,Action,25000000,94.0,indie,0.12515527950310557,19,38,1,0,David R. Ellis,medium,budget_mid
flop,hit,average,0.3391642885002361,0.2882461180944805,0.37258959340528336,0.42525364124320264,0.372734975357948,0.2020113833988494,0.37258959340528336,0.42525364124320264,0.2882461180944805,0.372734975357948,0.0844888572634675,0,0,stable_wrong,5955,The Pledge,The Pledge,Crime,35000000,123.0,large_scale,0.015217391304347825,16,17,0,0,Sean Penn,long,budget_mid
flop,average,average,0.3850026631781116,0.29859234382164573,0.31640499300024266,0.47742280463028014,0.3602681296159215,0.16230906575379836,0.3850026631781116,0.47742280463028014,0.29859234382164573,0.3602681296159215,0.06167578579427574,0,0,stable_wrong,3489,88 Minutes,88 Minutes,Crime,30000000,108.0,mid_scale,0.015217391304347825,15,18,0,0,Jon Avnet,medium,budget_mid
flop,flop,flop,0.3320085755967775,0.40603904030697086,0.2619523840962517,0.34328036573344456,0.5235512821816298,0.13316835208492547,0.40603904030697086,0.5235512821816298,0.40603904030697086,0.5235512821816298,0.11751224187465897,1,1,stable_correct,18947,The Boat That Rocked,The Boat That Rocked,Drama,50000000,116.0,large_scale,0.06428571428571428,30,14,1,0,Richard Curtis,medium,budget_high
flop,average,flop,0.3675751964723495,0.3534640561348674,0.2789607473927831,0.2767924358475069,0.6153971357262065,0.10781042842628663,0.3675751964723495,0.6153971357262065,0.3534640561348674,0.6153971357262065,0.26193307959133905,0,1,wrong_to_correct,47502,Faithful,Faithful,Comedy,13000000,91.0,indie,0.0,10,5,0,0,Paul Mazursky,medium,budget_low
hit,hit,hit,0.20446214883124902,0.2255204829452022,0.5700173682235488,0.184288041323216,0.1435397275537643,0.6721722311230197,0.5700173682235488,0.6721722311230197,0.5700173682235488,0.6721722311230197,0.10215486289947096,1,1,stable_correct,11336,The Dead Zone,The Dead Zone,Horror,10000000,103.0,mid_scale,0.12515527950310557,20,16,1,0,David Cronenberg,medium,budget_low
flop,average,average,0.43875485762888566,0.2967671690918083,0.264477973279306,0.49053570704420324,0.4014691508539099,0.10799514210188689,0.43875485762888566,0.49053570704420324,0.2967671690918083,0.4014691508539099,0.1047019817621016,0,0,stable_wrong,13536,City By The Sea,City By The Sea,Crime,40000000,108.0,large_scale,0.1590062111801242,8,2,2,0,Michael Caton-Jones,medium,budget_mid
average,hit,average,0.3178467371767087,0.24851964821890363,0.43363361460438776,0.3948094950660472,0.3043155544409227,0.30087495049303015,0.43363361460438776,0.3948094950660472,0.3178467371767087,0.3948094950660472,0.07696275788933848,0,1,wrong_to_correct,11451,Herbie Fully Loaded,Herbie Fully Loaded,Comedy,50000000,101.0,indie,0.06428571428571428,16,109,1,0,Angela Robinson,medium,budget_high
flop,flop,average,0.3636446594403016,0.41891307773224706,0.21744226282745133,0.4594569647945092,0.32750480160641154,0.21303823359907922,0.41891307773224706,0.4594569647945092,0.41891307773224706,0.32750480160641154,-0.09140827612583552,1,0,correct_to_wrong,5550,RoboCop 3,RoboCop 3,Action,22000000,104.0,indie,0.0,22,15,0,1,Fred Dekker,medium,budget_mid
hit,average,flop,0.3686796761522596,0.3288954328098608,0.3024248910378796,0.31574479818690115,0.3491276495613515,0.3351275522517473,0.3686796761522596,0.3491276495613515,0.3024248910378796,0.3351275522517473,0.03270266121386767,0,0,stable_wrong,9281,Witness,Witness,Crime,12000000,113.0,indie,0.1590062111801242,18,7,2,0,Peter Weir,medium,budget_low
hit,flop,hit,0.22940077882161794,0.41137183398940813,0.35922738718897385,0.2654368694673244,0.24317955374787517,0.4913835767848005,0.41137183398940813,0.4913835767848005,0.35922738718897385,0.4913835767848005,0.13215618959582665,0,1,wrong_to_correct,16323,The Rose,The Rose,Drama,9250000,125.0,indie,0.0,12,20,0,0,Mark Rydell,long,budget_low
hit,flop,hit,0.2831244363131547,0.47945437957225245,0.2374211841145929,0.16179404331112898,0.3839099962907303,0.4542959603981407,0.47945437957225245,0.4542959603981407,0.2374211841145929,0.4542959603981407,0.2168747762835478,0,1,wrong_to_correct,14560,Paul Blart: Mall Cop,Paul Blart: Mall Cop,Action,26000000,91.0,mid_scale,0.04565217391304347,122,30,0,0,Steve Carr,medium,budget_mid
flop,flop,flop,0.3159272906202524,0.43522774374552387,0.24884496563422379,0.24283254655670783,0.5666165040310873,0.19055094941220482,0.43522774374552387,0.5666165040310873,0.43522774374552387,0.5666165040310873,0.13138876028556346,1,1,stable_correct,11258,Hard Rain,Hard Rain,Thriller,70000000,97.0,large_scale,0.06428571428571428,10,82,1,0,Mikael Salomon,medium,budget_high
hit,average,hit,0.36626153475123346,0.2749992566709458,0.3587392085778209,0.29678205730048735,0.1704015363750608,0.5328164063244518,0.36626153475123346,0.5328164063244518,0.3587392085778209,0.5328164063244518,0.17407719774663094,0,1,wrong_to_correct,639,When Harry Met Sally...,When Harry Met Sally...,Comedy,16000000,96.0,indie,0.09130434782608694,16,18,0,0,Rob Reiner,medium,budget_mid
flop,hit,flop,0.2834604527100315,0.32252181196693785,0.3940177353230307,0.2062141059573726,0.6149118062962504,0.178874087746377,0.3940177353230307,0.6149118062962504,0.32252181196693785,0.6149118062962504,0.29238999432931256,0,1,wrong_to_correct,152599,The Immigrant,The Immigrant,Drama,16000000,117.0,indie,0.015217391304347825,9,16,0,0,James Gray,medium,budget_mid
average,flop,hit,0.29645063482865874,0.4926697267255845,0.2108796384457567,0.2741213978534022,0.35596486186739046,0.3699137402792072,0.4926697267255845,0.3699137402792072,0.29645063482865874,0.2741213978534022,-0.022329236975256517,0,0,stable_wrong,11323,The Informant!,The Informant!,Drama,22000000,108.0,large_scale,0.43167701863354035,24,19,1,0,Steven Soderbergh,medium,budget_mid
hit,flop,flop,0.3532467735879715,0.40080850255460926,0.24594472385741917,0.3654436317513544,0.5178417228942851,0.11671464535436057,0.40080850255460926,0.5178417228942851,0.24594472385741917,0.11671464535436057,-0.1292300785030586,0,0,stable_wrong,8346,My Big Fat Greek Wedding,My Big Fat Greek Wedding,Comedy,5000000,95.0,large_scale,0.0,16,9,0,0,Joel Zwick,medium,budget_low
average,flop,hit,0.2601680428631014,0.3873375287734871,0.3524944283634115,0.20505601016569186,0.313377563375573,0.4815664264587351,0.3873375287734871,0.4815664264587351,0.2601680428631014,0.20505601016569186,-0.05511203269740955,0,0,stable_wrong,321741,Concussion,Concussion,Drama,35000000,123.0,large_scale,0.12857142857142856,72,69,2,0,Peter Landesman,long,budget_mid
average,average,flop,0.3362747155769312,0.32848852314573723,0.33523676127733154,0.27574612163588863,0.46609024805912297,0.2581636303049884,0.3362747155769312,0.46609024805912297,0.3362747155769312,0.27574612163588863,-0.0605285939410426,1,0,correct_to_wrong,51588,Prom,Prom,Comedy,8000000,104.0,indie,0.015217391304347825,22,22,0,0,Joe Nussbaum,medium,budget_low
average,average,flop,0.3849059519096773,0.2641422469251188,0.3509518011652038,0.30629109114185366,0.58038831800038,0.11332059085776644,0.3849059519096773,0.58038831800038,0.3849059519096773,0.30629109114185366,-0.07861486076782365,1,0,correct_to_wrong,11412,The Long Kiss Goodnight,The Long Kiss Goodnight,Crime,65000000,120.0,mid_scale,0.5111801242236025,15,10,2,0,Renny Harlin,medium,budget_high
hit,hit,hit,0.3058635065940846,0.3298978202347748,0.3642386731711405,0.30713180303151777,0.07221172789354123,0.620656469074941,0.3642386731711405,0.620656469074941,0.3642386731711405,0.620656469074941,0.2564177959038005,1,1,stable_correct,13223,Gran Torino,Gran Torino,Drama,33000000,116.0,large_scale,0.42826086956521736,51,74,0,0,Clint Eastwood,medium,budget_mid
hit,hit,hit,0.35234391594246783,0.09176022094432378,0.5558958631132085,0.3479616366514661,0.10426058451834505,0.5477777788301889,0.5558958631132085,0.5477777788301889,0.5558958631132085,0.5477777788301889,-0.008118084283019633,1,1,stable_correct,58,Pirates of the Caribbean: Dead Man's Chest,Pirates of the Caribbean: Dead Man's Chest,Adventure,200000000,151.0,mid_scale,0.14037267080745341,33,23,1,0,Gore Verbinski,long,budget_high
hit,average,hit,0.3600881677468606,0.2975613310830426,0.3423505011700968,0.3368484234489022,0.21951660484307967,0.44363497170801824,0.3600881677468606,0.44363497170801824,0.3423505011700968,0.44363497170801824,0.10128447053792144,0,1,wrong_to_correct,7326,Juno,Juno,Comedy,7500000,96.0,indie,0.12515527950310557,30,72,1,0,Jason Reitman,medium,budget_low
hit,flop,flop,0.205394332663886,0.5427032772698147,0.2519023900662993,0.1886201904014297,0.5253051470742488,0.28607466252432157,0.5427032772698147,0.5253051470742488,0.2519023900662993,0.28607466252432157,0.03417227245802229,0,0,stable_wrong,167073,Brooklyn,Brooklyn,Drama,11000000,111.0,mid_scale,0.06428571428571428,46,72,1,0,John Crowley,medium,budget_low
flop,flop,average,0.35735658189035824,0.515873788894296,0.1267696292153457,0.565730602215283,0.09109068309962635,0.34317871468509054,0.515873788894296,0.565730602215283,0.515873788894296,0.09109068309962635,-0.42478310579466966,1,0,correct_to_wrong,3683,Flags of Our Fathers,Flags of Our Fathers,War,90000000,132.0,mid_scale,0.42826086956521736,28,60,0,1,Clint Eastwood,long,budget_high
flop,flop,flop,0.3603869128340611,0.48081331684528034,0.1587997703206587,0.39784235870187074,0.4292061298573125,0.1729515114408169,0.48081331684528034,0.4292061298573125,0.48081331684528034,0.4292061298573125,-0.051607186987967846,1,1,stable_correct,126319,Ernest & Celestine,Ernest et Célestine,Animation,12516654,78.0,large_scale,0.0,25,12,0,0,Stéphane Aubier,short,budget_low
hit,flop,flop,0.2273613276273306,0.5139222675864091,0.25871640478626035,0.17057981255743548,0.5599451391901822,0.26947504825238233,0.5139222675864091,0.5599451391901822,0.25871640478626035,0.26947504825238233,0.010758643466121987,0,0,stable_wrong,21334,Children of Heaven,بچه‌های آسمان,Drama,180000,89.0,indie,0.0,3,2,0,0,Majid Majidi,short,budget_low
flop,hit,flop,0.26681566612956653,0.3405987965666811,0.3925855373037524,0.26688355971351396,0.5524892767729322,0.18062716351355387,0.3925855373037524,0.5524892767729322,0.3405987965666811,0.5524892767729322,0.21189048020625117,0,1,wrong_to_correct,7874,Black Snake Moan,Black Snake Moan,Drama,15000000,116.0,indie,0.0795031055900621,15,8,1,0,Craig Brewer,medium,budget_low
average,hit,hit,0.30696860659649,0.18112254364776392,0.511908849755746,0.18207012186043495,0.12654660286402514,0.6913832752755399,0.511908849755746,0.6913832752755399,0.30696860659649,0.18207012186043495,-0.12489848473605505,0,0,stable_wrong,1389,Out of Sight,Out of Sight,Romance,48000000,123.0,indie,0.5602484472049689,16,12,3,0,Steven Soderbergh,long,budget_high
hit,average,average,0.4506812236891373,0.20188855259236488,0.34743022371849774,0.44984389028266797,0.13491727240764412,0.4152388373096879,0.4506812236891373,0.44984389028266797,0.34743022371849774,0.4152388373096879,0.06780861359119017,0,0,stable_wrong,184315,Hercules,Hercules,Action,100000000,99.0,mid_scale,0.14037267080745341,26,77,1,0,Brett Ratner,medium,budget_high
flop,hit,hit,0.3369790123225381,0.20178744086808365,0.46123354680937834,0.3737602138226958,0.0760165102199733,0.550223275957331,0.46123354680937834,0.550223275957331,0.20178744086808365,0.0760165102199733,-0.12577093064811035,0,0,stable_wrong,8197,Midnight in the Garden of Good and Evil,Midnight in the Garden of Good and Evil,Crime,35000000,155.0,indie,0.4925465838509317,17,10,1,0,Clint Eastwood,long,budget_mid
flop,flop,hit,0.2972623952546641,0.41378966227145253,0.28894794247388345,0.28936373134708315,0.3185830423932269,0.39205322625969,0.41378966227145253,0.39205322625969,0.41378966227145253,0.3185830423932269,-0.09520661987822565,1,0,correct_to_wrong,72358,A Thousand Words,A Thousand Words,Drama,40000000,91.0,mid_scale,0.09472049689440992,44,36,1,0,Brian Robbins,medium,budget_mid
average,flop,flop,0.2829713973996583,0.49894058435847577,0.21808801824186602,0.2202147595556574,0.7133141050645275,0.06647113537981504,0.49894058435847577,0.7133141050645275,0.2829713973996583,0.2202147595556574,-0.06275663784400093,0,0,stable_wrong,8975,The Marine,The Marine,Action,20000000,92.0,mid_scale,0.0,10,57,0,0,John Bonito,medium,budget_mid
average,hit,hit,0.36877877951420207,0.03868108718365936,0.5925401333021386,0.2706730485368136,0.027645338031144807,0.7016816134320416,0.5925401333021386,0.7016816134320416,0.36877877951420207,0.2706730485368136,-0.09810573097738845,0,0,stable_wrong,1452,Superman Returns,Superman Returns,Adventure,270000000,154.0,mid_scale,0.1555900621118012,18,24,1,1,Bryan Singer,long,budget_high
flop,average,average,0.42466426907378674,0.2992201187833907,0.27611561214282254,0.540293407875967,0.30724306089886727,0.15246353122516568,0.42466426907378674,0.540293407875967,0.2992201187833907,0.30724306089886727,0.00802294211547655,0,0,stable_wrong,16643,Life or Something Like It,Life or Something Like It,Comedy,40000000,103.0,large_scale,0.10993788819875774,12,11,1,0,Stephen Herek,medium,budget_mid
hit,flop,hit,0.2609571431524731,0.38550656757280544,0.35353628927472147,0.0036609105904546863,0.006987245844261753,0.9893518435652836,0.38550656757280544,0.9893518435652836,0.35353628927472147,0.9893518435652836,0.6358155542905621,0,1,wrong_to_correct,3083,Mr. Smith Goes to Washington,Mr. Smith Goes to Washington,Comedy,1500000,129.0,indie,0.0608695652173913,213,30,0,0,Frank Capra,long,budget_low
hit,flop,flop,0.28803125810915375,0.36004402436837657,0.35192471752246957,0.347831646785821,0.38061072957849484,0.2715576236356841,0.36004402436837657,0.38061072957849484,0.35192471752246957,0.2715576236356841,-0.08036709388678548,0,0,stable_wrong,2288,Closer,Closer,Drama,27000000,104.0,indie,0.14378881987577638,18,44,2,0,Mike Nichols,medium,budget_mid
hit,average,average,0.3923827536642425,0.3387189162868188,0.26889833004893865,0.43012973909936325,0.21079030171720647,0.3590799591834302,0.3923827536642425,0.43012973909936325,0.26889833004893865,0.3590799591834302,0.09018162913449157,0,0,stable_wrong,156022,The Equalizer,The Equalizer,Thriller,55000000,132.0,large_scale,0.14037267080745341,38,82,1,0,Antoine Fuqua,long,budget_high
average,hit,average,0.32153621828242684,0.2769266303898221,0.40153715132775103,0.34632682726990327,0.3367540755106173,0.3169190972194794,0.40153715132775103,0.34632682726990327,0.32153621828242684,0.34632682726990327,0.024790608987476426,0,1,wrong_to_correct,37821,Killers,Killers,Action,75000000,100.0,mid_scale,0.0608695652173913,34,17,0,0,Robert Luketic,medium,budget_high
hit,hit,average,0.3479590972602731,0.2488784327363291,0.40316247000339783,0.38461737774898447,0.37933820260318385,0.23604441964783174,0.40316247000339783,0.38461737774898447,0.40316247000339783,0.23604441964783174,-0.1671180503555661,1,0,correct_to_wrong,9268,Eraser,Eraser,Action,100000000,115.0,indie,0.1590062111801242,18,77,2,0,Chuck Russell,medium,budget_high
hit,flop,flop,0.232971013563489,0.49859437739521867,0.2684346090412923,0.23676171312065303,0.6212631023575071,0.14197518452183977,0.49859437739521867,0.6212631023575071,0.2684346090412923,0.14197518452183977,-0.12645942451945252,0,0,stable_wrong,11249,Seed of Chucky,Seed of Chucky,Drama,12000000,87.0,indie,0.0,14,9,0,0,Don Mancini,short,budget_low
hit,flop,hit,0.4010343852750346,0.4727760301100218,0.12618958461494356,0.23221370590521279,0.16084809265800815,0.606938201436779,0.4727760301100218,0.606938201436779,0.12618958461494356,0.606938201436779,0.48074861682183545,0,1,wrong_to_correct,3062,42nd Street,42nd Street,Music,439000,89.0,indie,0.0,26,10,0,0,Lloyd Bacon,short,budget_low
hit,average,hit,0.6111009034143238,0.07896902224751733,0.3099300743381589,0.3678284774774322,0.0884812504099924,0.5436902721125755,0.6111009034143238,0.5436902721125755,0.3099300743381589,0.5436902721125755,0.2337601977744166,0,1,wrong_to_correct,127585,X-Men: Days of Future Past,X-Men: Days of Future Past,Action,250000000,131.0,large_scale,0.1555900621118012,65,86,1,0,Bryan Singer,long,budget_high
hit,flop,flop,0.3450473170623588,0.3736628992688933,0.2812897836687479,0.3369130958256767,0.5430105045791414,0.12007639959518186,0.3736628992688933,0.5430105045791414,0.2812897836687479,0.12007639959518186,-0.16121338407356606,0,0,stable_wrong,6961,The Wedding Date,The Wedding Date,Comedy,15000000,88.0,mid_scale,0.0,10,12,0,0,Clare Kilner,short,budget_low
average,flop,flop,0.29020236539308714,0.38670039878216034,0.3230972358247526,0.36972580545754097,0.4147622417465855,0.2155119527958735,0.38670039878216034,0.4147622417465855,0.29020236539308714,0.36972580545754097,0.07952344006445383,0,0,stable_wrong,15028,Clockstoppers,Clockstoppers,Adventure,26000000,94.0,mid_scale,0.03043478260869565,12,62,0,0,Jonathan Frakes,medium,budget_mid
flop,flop,flop,0.30362724740095026,0.383000569997763,0.31337218260128674,0.3574981622684153,0.438233373854377,0.20426846387720762,0.383000569997763,0.438233373854377,0.383000569997763,0.438233373854377,0.055232803856614,1,1,stable_correct,13523,Sex Drive,Sex Drive,Comedy,19000000,109.0,mid_scale,0.10993788819875774,11,33,1,0,Sean Anders,medium,budget_mid
hit,average,hit,0.3698610121970459,0.27293307664398303,0.357205911158971,0.219444055675306,0.0485773501859012,0.7319785941387928,0.3698610121970459,0.7319785941387928,0.357205911158971,0.7319785941387928,0.37477268297982186,0,1,wrong_to_correct,59108,Tower Heist,Tower Heist,Action,75000000,104.0,mid_scale,0.2046583850931677,55,19,2,1,Brett Ratner,medium,budget_high
hit,flop,flop,0.2747949738962346,0.5284627098562781,0.1967423162474874,0.21612636380846964,0.658532422626367,0.1253412135651632,0.5284627098562781,0.658532422626367,0.1967423162474874,0.1253412135651632,-0.07140110268232419,0,0,stable_wrong,121826,Quartet,Quartet,Drama,11000000,98.0,indie,0.0,14,20,0,0,Dustin Hoffman,medium,budget_low
hit,hit,hit,0.350004272555522,0.1821839261666009,0.4678118012778772,0.2959064320627246,0.06682920641426204,0.6372643615230134,0.4678118012778772,0.6372643615230134,0.4678118012778772,0.6372643615230134,0.16945256024513616,1,1,stable_correct,1979,Fantastic 4: Rise of the Silver Surfer,4: Rise of the Silver Surfer,Adventure,130000000,92.0,large_scale,0.14037267080745341,18,32,1,1,Tim Story,medium,budget_high
hit,flop,hit,0.23005590419531238,0.3893482225398386,0.38059587326484906,0.24113667448437456,0.3789861834072592,0.37987714210836615,0.3893482225398386,0.37987714210836615,0.38059587326484906,0.37987714210836615,-0.0007187311564829102,0,1,wrong_to_correct,9443,Chariots of Fire,Chariots of Fire,Drama,5500000,123.0,large_scale,0.0,17,24,0,0,Hugh Hudson,long,budget_low
hit,hit,hit,0.18227921566630878,0.21509764082786675,0.6026231435058244,0.1939240308545607,0.19394418016591883,0.6121317889795205,0.6026231435058244,0.6121317889795205,0.6026231435058244,0.6121317889795205,0.00950864547369612,1,1,stable_correct,329440,The Forest,The Forest,Horror,10000000,95.0,mid_scale,0.0,31,63,0,0,Jason Zada,medium,budget_low
flop,hit,flop,0.29779434466923355,0.2687552007870938,0.43345045454367276,0.1548269596101279,0.650382628667441,0.1947904117224311,0.43345045454367276,0.650382628667441,0.2687552007870938,0.650382628667441,0.3816274278803472,0,1,wrong_to_correct,61984,Space Battleship Yamato,Space Battleship Yamato,Science Fiction,12000000,131.0,large_scale,0.0,17,11,0,0,Takashi Yamazaki,long,budget_low
hit,average,average,0.43737388220029066,0.3526500156270626,0.20997610217264678,0.459570220885386,0.39573694754269434,0.14469283157191962,0.43737388220029066,0.459570220885386,0.20997610217264678,0.14469283157191962,-0.06528327060072717,0,0,stable_wrong,76726,Chronicle,Chronicle,Science Fiction,15000000,84.0,mid_scale,0.015217391304347825,9,71,0,0,Josh Trank,short,budget_low
hit,average,hit,0.530716530709463,0.1598466915479351,0.309436777742602,0.35324775336478237,0.09719368852782775,0.54955855810739,0.530716530709463,0.54955855810739,0.309436777742602,0.54955855810739,0.24012178036478798,0,1,wrong_to_correct,1726,Iron Man,Iron Man,Action,140000000,126.0,indie,0.268944099378882,87,21,3,0,Jon Favreau,long,budget_high
flop,hit,flop,0.10520037335820243,0.3372447316308526,0.557554895010945,0.15655442351648655,0.5955162237385737,0.24792935274493969,0.557554895010945,0.5955162237385737,0.3372447316308526,0.5955162237385737,0.2582714921077211,0,1,wrong_to_correct,33196,Tidal Wave,해운대,Action,16000000,120.0,mid_scale,0.0,13,13,0,0,Yoon Je-kyoon,medium,budget_mid
hit,hit,hit,0.3392817696744529,0.2866454475009033,0.37407278282464385,0.30428531174925455,0.16496425142342705,0.5307504368273184,0.37407278282464385,0.5307504368273184,0.37407278282464385,0.5307504368273184,0.15667765400267453,1,1,stable_correct,5722,Beyond the Valley of the Dolls,Beyond the Valley of the Dolls,Comedy,2090000,109.0,indie,0.0,22,25,0,0,Russ Meyer,medium,budget_low
hit,hit,hit,0.23946067144887398,0.20108201102568124,0.5594573175254448,0.1333974303625102,0.08160762351522843,0.7849949461222614,0.5594573175254448,0.7849949461222614,0.5594573175254448,0.7849949461222614,0.2255376285968166,1,1,stable_correct,9730,Friday the 13th: The Final Chapter,Friday the 13th: The Final Chapter,Horror,2600000,91.0,indie,0.0,13,8,0,1,Joseph Zito,medium,budget_low
hit,hit,average,0.3331280027521583,0.25878844948461627,0.4080835477632255,0.4450440795467297,0.16237336418601045,0.3925825562672599,0.4080835477632255,0.4450440795467297,0.4080835477632255,0.3925825562672599,-0.015500991495965566,1,0,correct_to_wrong,819,Sleepers,Sleepers,Crime,44000000,147.0,mid_scale,0.33322981366459625,21,16,4,0,Barry Levinson,long,budget_high
flop,flop,flop,0.2773030386739832,0.42128441257318056,0.30141254875283624,0.31870285223560335,0.49530433326727724,0.18599281449711932,0.42128441257318056,0.49530433326727724,0.42128441257318056,0.49530433326727724,0.07401992069409669,1,1,stable_correct,56601,The Perfect Game,The Perfect Game,Drama,12500000,118.0,large_scale,0.0,18,14,0,0,William Dear,medium,budget_low
hit,hit,hit,0.32065752669045466,0.3281510573144004,0.35119141599514503,0.41131901824973194,0.15082988131663302,0.4378511004336351,0.35119141599514503,0.4378511004336351,0.35119141599514503,0.4378511004336351,0.08665968443849009,1,1,stable_correct,7350,The Bucket List,The Bucket List,Drama,45000000,97.0,mid_scale,0.1555900621118012,22,77,1,0,Rob Reiner,medium,budget_high
flop,flop,flop,0.3457815076976885,0.349027439035337,0.3051910532669745,0.371996284689578,0.42664908204696583,0.20135463326345612,0.349027439035337,0.42664908204696583,0.349027439035337,0.42664908204696583,0.07762164301162883,1,1,stable_correct,7299,Equilibrium,Equilibrium,Action,20000000,107.0,indie,0.0795031055900621,19,81,1,0,Kurt Wimmer,medium,budget_mid
hit,flop,flop,0.24392336219049962,0.5552236904817424,0.200852947327758,0.14948496406642853,0.7038981797336397,0.14661685619993184,0.5552236904817424,0.7038981797336397,0.200852947327758,0.14661685619993184,-0.05423609112782615,0,0,stable_wrong,73981,Ayurveda: Art of Being,Ayurveda: Art of Being,Documentary,300000,101.0,mid_scale,0.0,0,1,0,0,Pan Nalin,medium,budget_low
average,hit,hit,0.3287021955053397,0.10464862354292111,0.5666491809517392,0.35267723098830595,0.11286507918952825,0.5344576898221658,0.5666491809517392,0.5344576898221658,0.3287021955053397,0.35267723098830595,0.023975035482966256,0,0,stable_wrong,8619,Master and Commander: The Far Side of the World,Master and Commander: The Far Side of the World,Adventure,150000000,138.0,mid_scale,0.09472049689440992,26,168,1,0,Peter Weir,long,budget_high
hit,flop,hit,0.343688843311506,0.3613691310575276,0.2949420256309665,0.3146962408686452,0.1977902176707613,0.4875135414605936,0.3613691310575276,0.4875135414605936,0.2949420256309665,0.4875135414605936,0.19257151582962712,0,1,wrong_to_correct,1369,Rambo: First Blood Part II,Rambo: First Blood Part II,Action,44000000,96.0,indie,0.09472049689440992,19,26,1,1,George P. Cosmatos,medium,budget_high
hit,average,average,0.6255419132453446,0.05997841055345867,0.3144796762011968,0.49561127750562867,0.0568577044142298,0.4475310180801416,0.6255419132453446,0.49561127750562867,0.3144796762011968,0.4475310180801416,0.1330513418789448,0,0,stable_wrong,122917,The Hobbit: The Battle of the Five Armies,The Hobbit: The Battle of the Five Armies,Action,250000000,144.0,large_scale,0.3065217391304348,42,127,0,0,Peter Jackson,long,budget_high
hit,flop,flop,0.3030660574272077,0.4908704340913119,0.20606350848148036,0.18539309806707363,0.5902815346730571,0.22432536725986923,0.4908704340913119,0.5902815346730571,0.20606350848148036,0.22432536725986923,0.018261858778388873,0,0,stable_wrong,1817,Phone Booth,Phone Booth,Thriller,13000000,81.0,indie,0.3521739130434782,9,12,0,0,Joel Schumacher,short,budget_low
hit,hit,hit,0.23416750925655355,0.20690580909927286,0.5589266816441736,0.2479620837087727,0.30954925458935356,0.4424886617018736,0.5589266816441736,0.4424886617018736,0.5589266816441736,0.4424886617018736,-0.11643801994229996,1,1,stable_correct,9357,One Hour Photo,One Hour Photo,Horror,12000000,96.0,indie,0.0795031055900621,24,39,1,0,Mark Romanek,medium,budget_low
hit,hit,flop,0.21025122662200071,0.38135529239190935,0.40839348098609,0.2001184500690003,0.44849541484982053,0.3513861350811791,0.40839348098609,0.44849541484982053,0.40839348098609,0.3513861350811791,-0.05700734590491091,1,0,correct_to_wrong,103731,Mud,Mud,Drama,10000000,130.0,indie,0.1590062111801242,13,17,2,0,Jeff Nichols,long,budget_low
flop,hit,average,0.3395933356024016,0.31368851005380033,0.34671815434379816,0.38120306963212597,0.2952887162380131,0.32350821412986086,0.34671815434379816,0.38120306963212597,0.31368851005380033,0.2952887162380131,-0.018399793815787213,0,0,stable_wrong,97614,Deadfall,Deadfall,Crime,12000000,95.0,large_scale,0.015217391304347825,34,51,0,0,Stefan Ruzowitzky,medium,budget_low
hit,hit,hit,0.22863176742786248,0.22790803203346463,0.5434602005386729,0.023185461331858663,0.05729748900726635,0.919517049660875,0.5434602005386729,0.919517049660875,0.5434602005386729,0.919517049660875,0.37605684912220205,1,1,stable_correct,770,Gone with the Wind,Gone with the Wind,Drama,4000000,238.0,indie,0.015217391304347825,133,48,0,0,Victor Fleming,long,budget_low
hit,flop,flop,0.15108692859015993,0.45632891993094693,0.39258415147889314,0.12538353087357826,0.610373119250321,0.26424334987610076,0.45632891993094693,0.610373119250321,0.39258415147889314,0.26424334987610076,-0.12834080160279238,0,0,stable_wrong,10643,Godzilla 2000,Gojira ni-sen mireniamu,Adventure,1000000,107.0,indie,0.0,16,6,0,0,Takao Okawara,medium,budget_low
hit,flop,flop,0.26421454245342046,0.42422431912975267,0.3115611384168268,0.255775629722718,0.6228901713922846,0.1213341988849974,0.42422431912975267,0.6228901713922846,0.3115611384168268,0.1213341988849974,-0.1902269395318294,0,0,stable_wrong,8456,Never Back Down,Never Back Down,Drama,20000000,115.0,mid_scale,0.015217391304347825,10,10,0,0,Jeff Wadlow,medium,budget_mid
hit,flop,flop,0.3215771041547047,0.44403360881408194,0.2343892870312133,0.2757641742381838,0.5269567544625339,0.19727907129928232,0.44403360881408194,0.5269567544625339,0.2343892870312133,0.19727907129928232,-0.03711021573193099,0,0,stable_wrong,109513,Hit & Run,Hit & Run,Action,2000000,100.0,mid_scale,0.0,18,34,0,0,Dax Shepard,medium,budget_low
hit,average,average,0.43584663790780703,0.15992700273379334,0.4042263593583997,0.47600484777804003,0.06676974676495127,0.4572254054570086,0.43584663790780703,0.47600484777804003,0.4042263593583997,0.4572254054570086,0.05299904609860895,0,0,stable_wrong,693,Meet the Fockers,Meet the Fockers,Comedy,80000000,115.0,mid_scale,0.33322981366459625,19,99,4,0,Jay Roach,medium,budget_high
hit,hit,hit,0.381323587036816,0.23176528363727714,0.3869111293259069,0.2738900293738037,0.19633556193062843,0.5297744086955678,0.3869111293259069,0.5297744086955678,0.3869111293259069,0.5297744086955678,0.14286327936966092,1,1,stable_correct,20943,The Ugly Truth,The Ugly Truth,Comedy,38000000,96.0,indie,0.12515527950310557,74,17,1,0,Robert Luketic,medium,budget_mid
hit,average,average,0.4153687563366391,0.31276123930339267,0.2718700043599682,0.39203966867172496,0.21784767669945473,0.3901126546288204,0.4153687563366391,0.39203966867172496,0.2718700043599682,0.3901126546288204,0.11824265026885217,0,0,stable_wrong,137,Groundhog Day,Groundhog Day,Romance,14600000,101.0,indie,0.18944099378881984,30,44,2,0,Harold Ramis,medium,budget_low
flop,flop,hit,0.23389008148135843,0.3961058491821376,0.37000406933650404,0.24031672104963886,0.24775093329487696,0.5119323456554842,0.3961058491821376,0.5119323456554842,0.3961058491821376,0.24775093329487696,-0.14835491588726063,1,0,correct_to_wrong,27549,Beastmaster 2: Through the Portal of Time,Beastmaster 2: Through the Portal of Time,Action,6000000,107.0,indie,0.0,23,19,0,1,Sylvio Tabet,medium,budget_low
flop,flop,average,0.356624114393954,0.37492463857311703,0.26845124703292894,0.3927777664041527,0.33600659398726734,0.27121563960858,0.37492463857311703,0.3927777664041527,0.37492463857311703,0.33600659398726734,-0.03891804458584969,1,0,correct_to_wrong,9425,Soldier,Soldier,Action,75000000,99.0,mid_scale,0.3065217391304348,19,49,0,0,Paul W.S. Anderson,medium,budget_high
hit,flop,flop,0.2588666134010281,0.42841099713869246,0.31272238946027936,0.20707481272436337,0.6563335088865826,0.136591678389054,0.42841099713869246,0.6563335088865826,0.31272238946027936,0.136591678389054,-0.17613071107122535,0,0,stable_wrong,12837,The Secret Life of Bees,The Secret Life of Bees,Adventure,11000000,114.0,mid_scale,0.09472049689440992,11,26,1,0,Gina Prince-Bythewood,medium,budget_low
hit,flop,flop,0.36432684879026855,0.40121265315534027,0.23446049805439123,0.41429005524442486,0.4316499809713918,0.1540599637841833,0.40121265315534027,0.4316499809713918,0.23446049805439123,0.1540599637841833,-0.08040053427020794,0,0,stable_wrong,11283,Nanny McPhee,Nanny McPhee,Fantasy,25000000,97.0,large_scale,0.03043478260869565,14,12,0,0,Kirk Jones,medium,budget_mid
hit,hit,hit,0.39875825892437927,0.16254306462727905,0.43869867644834165,0.13138301836865668,0.23111611678062063,0.6375008648507228,0.43869867644834165,0.6375008648507228,0.43869867644834165,0.6375008648507228,0.19880218840238112,1,1,stable_correct,32275,Duel in the Sun,Duel in the Sun,Western,6000000,144.0,indie,0.03043478260869565,15,14,0,0,King Vidor,long,budget_low
average,flop,flop,0.32533555463980535,0.4282454206433731,0.2464190247168216,0.3632865939221243,0.37646196346662114,0.2602514426112545,0.4282454206433731,0.37646196346662114,0.32533555463980535,0.3632865939221243,0.037951039282318966,0,0,stable_wrong,68727,Trance,Trance,Thriller,20000000,101.0,mid_scale,0.09130434782608694,15,20,0,0,Danny Boyle,medium,budget_mid
hit,average,hit,0.402338690940803,0.20671627574770612,0.3909450333114908,0.16080738204232903,0.01097586865102999,0.8282167493066409,0.402338690940803,0.8282167493066409,0.3909450333114908,0.8282167493066409,0.43727171599515013,0,1,wrong_to_correct,840,Close Encounters of the Third Kind,Close Encounters of the Third Kind,Science Fiction,20000000,135.0,mid_scale,0.55,59,32,0,0,Steven Spielberg,long,budget_mid
hit,hit,hit,0.15524894989301036,0.31686509195026963,0.5278859581567199,0.1668973659398434,0.21961460212282738,0.6134880319373293,0.5278859581567199,0.6134880319373293,0.5278859581567199,0.6134880319373293,0.08560207378060936,1,1,stable_correct,22013,Elmer Gantry,Elmer Gantry,Drama,3000000,146.0,indie,0.015217391304347825,14,8,0,0,Richard Brooks,long,budget_low
hit,average,hit,0.39394685924888345,0.3524741419969155,0.253578998754201,0.27662375586221555,0.0713531792956345,0.65202306484215,0.39394685924888345,0.65202306484215,0.253578998754201,0.65202306484215,0.398444066087949,0,1,wrong_to_correct,752,V for Vendetta,V for Vendetta,Action,54000000,132.0,large_scale,0.03043478260869565,77,194,0,1,James McTeigue,long,budget_high
flop,flop,flop,0.3290190065408021,0.35897496500407494,0.31200602845512293,0.3470219635839879,0.4732077947653384,0.17977024165067365,0.35897496500407494,0.4732077947653384,0.35897496500407494,0.4732077947653384,0.11423282976126348,1,1,stable_correct,16172,Simply Irresistible,Simply Irresistible,Comedy,6000000,95.0,mid_scale,0.0,15,19,0,0,Mark Tarlov,medium,budget_low
flop,hit,flop,0.1930625728349898,0.35874604071188715,0.4481913864531232,0.17473054757515255,0.6500341041176154,0.17523534830723206,0.4481913864531232,0.6500341041176154,0.35874604071188715,0.6500341041176154,0.29128806340572827,0,1,wrong_to_correct,9787,Lords of Dogtown,Lords of Dogtown,Drama,25000000,107.0,indie,0.03043478260869565,20,9,0,0,Catherine Hardwicke,medium,budget_mid
hit,flop,flop,0.27550421429462546,0.406425604102888,0.3180701816024864,0.3055419321103809,0.4306429117689541,0.2638151561206651,0.406425604102888,0.4306429117689541,0.3180701816024864,0.2638151561206651,-0.05425502548182132,0,0,stable_wrong,9490,Half Baked,Half Baked,Comedy,8000000,82.0,indie,0.015217391304347825,12,8,0,0,Tamra Davis,short,budget_low
flop,average,hit,0.6005581220924947,0.047911727382214095,0.35153015052529124,0.429157805785166,0.06614146803546324,0.5047007261793707,0.6005581220924947,0.5047007261793707,0.047911727382214095,0.06614146803546324,0.018229740653249144,0,0,stable_wrong,57201,The Lone Ranger,The Lone Ranger,Action,255000000,149.0,large_scale,0.2046583850931677,60,35,2,0,Gore Verbinski,long,budget_high
hit,flop,flop,0.2838611552897976,0.41801290679601205,0.29812593791419034,0.23124754245774373,0.4920094223857809,0.27674303515647547,0.41801290679601205,0.4920094223857809,0.29812593791419034,0.27674303515647547,-0.021382902757714872,0,0,stable_wrong,26352,A Low Down Dirty Shame,A Low Down Dirty Shame,Action,10000000,100.0,indie,0.04565217391304347,40,2,0,0,Keenen Ivory Wayans,medium,budget_low
hit,average,hit,0.4972197083783133,0.1337577855796077,0.36902250604207887,0.4446552723463612,0.06789677839873964,0.48744794925489915,0.4972197083783133,0.48744794925489915,0.36902250604207887,0.48744794925489915,0.11842544321282028,0,1,wrong_to_correct,1895,Star Wars: Episode III - Revenge of the Sith,Star Wars: Episode III - Revenge of the Sith,Science Fiction,113000000,140.0,indie,0.18944099378881984,60,15,2,1,George Lucas,long,budget_high
hit,average,average,0.4463774802929096,0.30785120684406525,0.24577131286302525,0.5513221810119658,0.27890062604596333,0.16977719294207086,0.4463774802929096,0.5513221810119658,0.24577131286302525,0.16977719294207086,-0.0759941199209544,0,0,stable_wrong,3536,U-571,U-571,Action,62000000,116.0,mid_scale,0.10993788819875774,11,19,1,1,Jonathan Mostow,medium,budget_high
flop,flop,flop,0.4033382023875042,0.42987482590093684,0.1667869717115591,0.39610256458494236,0.5253324400825268,0.07856499533253096,0.42987482590093684,0.5253324400825268,0.42987482590093684,0.5253324400825268,0.09545761418158993,1,1,stable_correct,13405,The Children of Huang Shi,黃石的孩子,Drama,40000000,125.0,large_scale,0.015217391304347825,4,2,0,0,Roger Spottiswoode,long,budget_mid
average,flop,flop,0.3126209646622408,0.38456281732958253,0.3028162180081767,0.2817220616933394,0.544557673443134,0.17372026486352662,0.38456281732958253,0.544557673443134,0.3126209646622408,0.2817220616933394,-0.03089890296890141,0,0,stable_wrong,9823,Mortal Kombat: Annihilation,Mortal Kombat: Annihilation,Action,30000000,95.0,indie,0.015217391304347825,24,6,0,0,John R. Leonetti,medium,budget_mid
average,average,flop,0.4252804327737776,0.3388781731813833,0.23584139404483923,0.3892991986999083,0.5035464378618604,0.10715436343823144,0.4252804327737776,0.5035464378618604,0.4252804327737776,0.3892991986999083,-0.03598123407386927,1,0,correct_to_wrong,123553,The Mortal Instruments: City of Bones,The Mortal Instruments: City of Bones,Action,60000000,130.0,mid_scale,0.015217391304347825,22,12,0,0,Harald Zwart,long,budget_high
hit,average,hit,0.41341060216744285,0.22838136983839047,0.35820802799416673,0.34955401762617694,0.2644728162547102,0.38597316611911286,0.41341060216744285,0.38597316611911286,0.35820802799416673,0.38597316611911286,0.02776513812494613,0,1,wrong_to_correct,152601,Her,Her,Romance,23000000,126.0,indie,0.10993788819875774,37,24,1,0,Spike Jonze,long,budget_mid
hit,flop,hit,0.30662502443390843,0.43262408525801505,0.2607508903080765,0.07014432523032536,0.09497719328546567,0.8348784814842091,0.43262408525801505,0.8348784814842091,0.2607508903080765,0.8348784814842091,0.5741275911761325,0,1,wrong_to_correct,43595,She Done Him Wrong,She Done Him Wrong,Comedy,200000,66.0,indie,0.0,14,4,0,0,Lowell Sherman,short,budget_low
flop,average,hit,0.3957571156008662,0.30319308622276153,0.3010497981763723,0.39924010838345947,0.18226713525486377,0.41849275636167665,0.3957571156008662,0.41849275636167665,0.30319308622276153,0.18226713525486377,-0.12092595096789777,0,0,stable_wrong,9801,Bridget Jones: The Edge of Reason,Bridget Jones: The Edge of Reason,Comedy,50000000,108.0,large_scale,0.06428571428571428,43,86,1,0,Beeban Kidron,medium,budget_high
hit,hit,hit,0.23355325626344278,0.29367162690381476,0.4727751168327425,0.0783849929295454,0.23232085331666164,0.689294153753793,0.4727751168327425,0.689294153753793,0.4727751168327425,0.689294153753793,0.2165190369210505,1,1,stable_correct,1892,Return of the Jedi,Return of the Jedi,Adventure,32350000,135.0,indie,0.06428571428571428,128,12,1,0,Richard Marquand,long,budget_mid
hit,average,average,0.4256576663457611,0.15804788188966787,0.41629445176457097,0.5112262274404533,0.21288241614368264,0.27589135641586404,0.4256576663457611,0.5112262274404533,0.41629445176457097,0.27589135641586404,-0.14040309534870693,0,0,stable_wrong,10201,Yes Man,Yes Man,Comedy,70000000,104.0,mid_scale,0.09472049689440992,20,39,1,0,Peyton Reed,medium,budget_high
hit,flop,flop,0.26839562449926374,0.3994151528196608,0.3321892226810755,0.22607799417298585,0.6718236287483292,0.10209837707868477,0.3994151528196608,0.6718236287483292,0.3321892226810755,0.10209837707868477,-0.2300908456023907,0,0,stable_wrong,302,Swimming Pool,Swimming Pool,Thriller,7800000,102.0,large_scale,0.0,10,14,0,0,François Ozon,medium,budget_low
flop,hit,average,0.40488305187341306,0.13992675548898612,0.4551901926376008,0.4784005007673887,0.2402021826453989,0.28139731658721234,0.4551901926376008,0.4784005007673887,0.13992675548898612,0.2402021826453989,0.10027542715641277,0,0,stable_wrong,2539,Spanglish,Spanglish,Comedy,80000000,130.0,indie,0.0795031055900621,14,109,1,0,James L. Brooks,long,budget_high
hit,flop,flop,0.34313882382675015,0.36968734112870466,0.28717383504454513,0.3614182542150275,0.45348100484077825,0.18510074094419413,0.36968734112870466,0.45348100484077825,0.28717383504454513,0.18510074094419413,-0.10207309410035101,0,0,stable_wrong,17880,Because of Winn-Dixie,Because of Winn-Dixie,Comedy,14000000,106.0,indie,0.03043478260869565,15,3,0,0,Wayne Wang,medium,budget_low
hit,flop,average,0.30096193093625856,0.41533983415025644,0.2836982349134851,0.46101231530663433,0.25693042526084864,0.28205725943251714,0.41533983415025644,0.46101231530663433,0.2836982349134851,0.28205725943251714,-0.0016409754809679766,0,0,stable_wrong,8470,John Q,John Q,Drama,36000000,116.0,mid_scale,0.17422360248447202,15,118,2,0,Nick Cassavetes,medium,budget_mid
average,hit,hit,0.2208693892139682,0.3618564504581923,0.4172741603278394,0.2238297909435418,0.19931771287058,0.5768524961858782,0.4172741603278394,0.5768524961858782,0.2208693892139682,0.2238297909435418,0.0029604017295735974,0,0,stable_wrong,1578,Raging Bull,Raging Bull,Drama,18000000,129.0,indie,0.5111801242236025,47,50,2,0,Martin Scorsese,long,budget_mid
hit,hit,flop,0.27559824348550427,0.34723346029635177,0.377168296218144,0.27690415939399826,0.38423918240764426,0.3388566581983576,0.377168296218144,0.38423918240764426,0.377168296218144,0.3388566581983576,-0.03831163801978643,1,0,correct_to_wrong,42618,Sweet Charity,Sweet Charity,Comedy,8000000,149.0,indie,0.0,11,10,0,0,Bob Fosse,long,budget_low
hit,flop,hit,0.25881985426580734,0.4355140398180494,0.3056661059161433,0.24791222171009844,0.3070634379644565,0.445024340325445,0.4355140398180494,0.445024340325445,0.3056661059161433,0.445024340325445,0.13935823440930173,0,1,wrong_to_correct,1687,Escape from the Planet of the Apes,Escape from the Planet of the Apes,Action,2500000,98.0,indie,0.0,13,14,0,0,Don Taylor,medium,budget_low
hit,flop,average,0.3033091580954429,0.3924703137185576,0.3042205281859995,0.40851940519682534,0.34878488945148456,0.24269570535169002,0.3924703137185576,0.40851940519682534,0.3042205281859995,0.24269570535169002,-0.06152482283430946,0,0,stable_wrong,19908,Zombieland,Zombieland,Comedy,23600000,88.0,mid_scale,0.14378881987577638,16,9,2,0,Ruben Fleischer,short,budget_mid
hit,hit,hit,0.17793036203181845,0.23176209700702954,0.590307540961152,0.059412861094910605,0.039143595993598394,0.9014435429114911,0.590307540961152,0.9014435429114911,0.590307540961152,0.9014435429114911,0.3111360019503391,1,1,stable_correct,10331,Night of the Living Dead,Night of the Living Dead,Horror,114000,96.0,mid_scale,0.0608695652173913,13,7,0,0,George A. Romero,medium,budget_low
hit,hit,hit,0.3359274633261499,0.2810716974567917,0.3830008392170583,0.3172502070327701,0.15344346556848837,0.5293063273987415,0.3830008392170583,0.5293063273987415,0.3830008392170583,0.5293063273987415,0.1463054881816832,1,1,stable_correct,772,Home Alone 2: Lost in New York,Home Alone 2: Lost in New York,Comedy,18000000,120.0,indie,0.09130434782608694,18,12,0,1,Chris Columbus,medium,budget_mid
hit,flop,flop,0.25458547506408996,0.4613371464528376,0.2840773784830726,0.2968038183955555,0.5583639586545268,0.14483222294991763,0.4613371464528376,0.5583639586545268,0.2840773784830726,0.14483222294991763,-0.13924515553315495,0,0,stable_wrong,10147,Bad Santa,Bad Santa,Drama,23000000,91.0,mid_scale,0.0,19,11,0,0,Terry Zwigoff,medium,budget_mid
flop,flop,average,0.28981839311341034,0.42052243520002425,0.28965917168656535,0.3429167387558808,0.3359569844048168,0.32112627683930234,0.42052243520002425,0.3429167387558808,0.42052243520002425,0.3359569844048168,-0.08456545079520744,1,0,correct_to_wrong,68722,The Master,The Master,Drama,32000000,137.0,mid_scale,0.12515527950310557,28,56,1,0,Paul Thomas Anderson,long,budget_mid
hit,hit,hit,0.3309481277752623,0.22459439047237292,0.4444574817523648,0.28453093335472596,0.1319203578892034,0.5835487087560707,0.4444574817523648,0.5835487087560707,0.4444574817523648,0.5835487087560707,0.13909122700370585,1,1,stable_correct,18900,In Cold Blood,In Cold Blood,Crime,3500000,134.0,indie,0.015217391304347825,16,5,0,0,Richard Brooks,long,budget_low
hit,flop,average,0.30714532166791647,0.5283997073890843,0.1644549709429993,0.39822915599576336,0.2138021348978146,0.38796870910642195,0.5283997073890843,0.39822915599576336,0.1644549709429993,0.38796870910642195,0.22351373816342265,0,0,stable_wrong,287948,The Transporter Refueled,The Transporter Refueled,Thriller,25000000,96.0,indie,0.015217391304347825,27,42,0,1,Camille Delamarre,medium,budget_mid
hit,average,average,0.4040938958860864,0.3235353494919847,0.27237075462192883,0.5095566266580642,0.2575980299523415,0.2328453433895942,0.4040938958860864,0.5095566266580642,0.27237075462192883,0.2328453433895942,-0.039525411232334634,0,0,stable_wrong,10555,Shark Tale,Shark Tale,Animation,75000000,90.0,mid_scale,0.2571428571428571,16,76,4,0,Vicky Jenson,medium,budget_high
hit,average,flop,0.3578644433810985,0.30923997751326204,0.3328955791056395,0.3602740296678352,0.42674543352950794,0.21298053680265677,0.3578644433810985,0.42674543352950794,0.3328955791056395,0.21298053680265677,-0.11991504230298272,0,0,stable_wrong,8984,Disclosure,Disclosure,Drama,55000000,123.0,indie,0.07608695652173912,12,6,0,0,Barry Levinson,long,budget_high
average,average,flop,0.3990560769871435,0.35014120038130786,0.2508027226315487,0.3012953505036219,0.5796295086495148,0.11907514084686334,0.3990560769871435,0.5796295086495148,0.3990560769871435,0.3012953505036219,-0.09776072648352163,1,0,correct_to_wrong,14191,Aquamarine,Aquamarine,Fantasy,12000000,104.0,indie,0.0,23,15,0,0,Elizabeth Allen Rosenbaum,medium,budget_low
hit,hit,hit,0.1972528889537739,0.28748594755143725,0.5152611634947889,0.2338197959798076,0.31549835185022773,0.4506818521699647,0.5152611634947889,0.4506818521699647,0.5152611634947889,0.4506818521699647,-0.0645793113248242,1,1,stable_correct,12429,Ponyo,崖の上のポニョ,Animation,41677699,100.0,large_scale,0.04565217391304347,24,14,0,0,Hayao Miyazaki,medium,budget_high
hit,hit,hit,0.21020368953636934,0.27701521437438925,0.5127810960892414,0.24565439903374575,0.3494511894299447,0.4048944115363095,0.5127810960892414,0.4048944115363095,0.5127810960892414,0.4048944115363095,-0.10788668455293188,1,1,stable_correct,321258,The Boy,The Boy,Horror,10000000,97.0,large_scale,0.03043478260869565,10,48,0,0,William Brent Bell,medium,budget_low
average,flop,flop,0.3379904901564328,0.4834503218238107,0.17855918801975648,0.3488658822566149,0.530278025040881,0.1208560927025041,0.4834503218238107,0.530278025040881,0.3379904901564328,0.3488658822566149,0.010875392100182124,0,0,stable_wrong,62206,30 Minutes or Less,30 Minutes or Less,Action,28000000,83.0,indie,0.015217391304347825,15,2,0,0,Ruben Fleischer,short,budget_mid
flop,flop,hit,0.25610611904398867,0.3995092981637947,0.3443845827922167,0.2974485308378453,0.07135448576129255,0.6311969834008623,0.3995092981637947,0.6311969834008623,0.3995092981637947,0.07135448576129255,-0.32815481240250216,1,0,correct_to_wrong,62214,Frankenweenie,Frankenweenie,Animation,39000000,87.0,indie,0.3673913043478261,10,83,0,0,Tim Burton,short,budget_mid
hit,average,hit,0.39214219550712065,0.3083061501413867,0.2995516543514927,0.3909785804135663,0.16492354132264764,0.44409787826378616,0.39214219550712065,0.44409787826378616,0.2995516543514927,0.44409787826378616,0.14454622391229344,0,1,wrong_to_correct,109451,Cloudy with a Chance of Meatballs 2,Cloudy with a Chance of Meatballs 2,Animation,78000000,95.0,indie,0.0,15,29,0,1,Cody Cameron,medium,budget_high
average,flop,flop,0.29305490211361246,0.41996381505120145,0.28698128283518604,0.21931220845511443,0.6091225060112738,0.17156528553361172,0.41996381505120145,0.6091225060112738,0.29305490211361246,0.21931220845511443,-0.07374269365849803,0,0,stable_wrong,7305,Alive,Alive,Action,32000000,120.0,indie,0.04565217391304347,40,14,0,0,Frank Marshall,medium,budget_mid
hit,flop,flop,0.2617406456311308,0.38305457178305036,0.3552047825858188,0.2820663806294865,0.41347180520405935,0.30446181416645424,0.38305457178305036,0.41347180520405935,0.3552047825858188,0.30446181416645424,-0.05074296841936454,0,0,stable_wrong,97367,The Place Beyond the Pines,The Place Beyond the Pines,Drama,15000000,140.0,mid_scale,0.0,33,22,0,0,Derek Cianfrance,long,budget_low
average,average,hit,0.3735828581024442,0.2705056396664426,0.3559115022311133,0.38632271249669414,0.15340718143185644,0.4602701060714493,0.3735828581024442,0.4602701060714493,0.3735828581024442,0.38632271249669414,0.012739854394249961,1,0,correct_to_wrong,253235,And So It Goes,And So It Goes,Comedy,18000000,94.0,mid_scale,0.09130434782608694,33,16,0,0,Rob Reiner,medium,budget_mid
hit,flop,flop,0.3013682824086947,0.45792486148493516,0.24070685610637024,0.26201793501488335,0.5695143731148193,0.1684676918702973,0.45792486148493516,0.5695143731148193,0.24070685610637024,0.1684676918702973,-0.07223916423607293,0,0,stable_wrong,62837,Dolphin Tale,Dolphin Tale,Drama,37000000,113.0,indie,0.0795031055900621,18,18,1,0,Charles Martin Smith,medium,budget_mid
hit,hit,average,0.3439168505656739,0.28864877006062667,0.3674343793736994,0.4359050530080496,0.13415593524536798,0.42993901174658233,0.3674343793736994,0.4359050530080496,0.3674343793736994,0.42993901174658233,0.06250463237288295,1,0,correct_to_wrong,6947,The Village,The Village,Drama,60000000,108.0,mid_scale,0.37080745341614907,16,121,1,0,M. Night Shyamalan,medium,budget_high
flop,flop,flop,0.2309917897269375,0.5554633146346322,0.2135448956384302,0.14675279626071458,0.7271031125852001,0.12614409115408534,0.5554633146346322,0.7271031125852001,0.5554633146346322,0.7271031125852001,0.17163979795056794,1,1,stable_correct,89750,"Pink Ribbons, Inc.","Pink Ribbons, Inc.",Documentary,900000,97.0,indie,0.0,5,1,0,0,Léa Pool,medium,budget_low
hit,average,average,0.3943279041387311,0.3554021938433872,0.25026990201788163,0.42624377952548853,0.2301707059649702,0.34358551450954117,0.3943279041387311,0.42624377952548853,0.25026990201788163,0.34358551450954117,0.09331561249165954,0,0,stable_wrong,59962,This Means War,This Means War,Action,65000000,103.0,mid_scale,0.07608695652173912,42,40,0,0,McG,medium,budget_high
average,flop,flop,0.3179747819052333,0.436161240413725,0.2458639776810418,0.2901984078258732,0.5245221147988406,0.18527947737528624,0.436161240413725,0.5245221147988406,0.3179747819052333,0.2901984078258732,-0.027776374079360122,0,0,stable_wrong,342521,Keanu,Keanu,Action,15000000,94.0,indie,0.0,29,18,0,0,Peter Atencio,medium,budget_low
hit,average,hit,0.4052474590854146,0.2741442575735944,0.32060828334099106,0.34558126506325193,0.2244270742895101,0.429991660647238,0.4052474590854146,0.429991660647238,0.32060828334099106,0.429991660647238,0.10938337730624692,0,1,wrong_to_correct,1924,Superman,Superman,Action,55000000,143.0,mid_scale,0.3860248447204969,92,19,1,0,Richard Donner,long,budget_high
